"subarea","time","variable","j0","a1","a2","a3","a4","a5","a6","a7"
1,1,1,0.00135249817238275,-0.302035404376814,0.266659715368675,0.616854300748078,-0.211992270834505,0,0,0.0157919808365544
1,1,2,-0.0245297905690476,1.00395808921818,0.0077455991749111,0,-0.0075273319883148,-0.0153587404172408,0,0
1,1,3,-0.0201895319644349,-0.084582084860056,0.791364208015698,0.0200104589231142,0,0,0.0657487832979733,0
1,1,4,0.00161787779949264,-0.0201624098691066,0,0.840726493459273,0.0196425679604093,0.159649869701955,0,0
1,1,5,-0.0236877230441749,-0.0957669150873856,-0.118892395825967,0,0.875967215764879,0.00931690816204377,0,0
1,1,6,-0.00733474798564407,0,0,0,0,0.912802203911267,0.0714456588199538,0
1,1,7,-2.37711270936469e-05,-0.135812358635325,-0.0548252849326437,0.076266415139565,0.170428819497237,-0.0659895077187493,0.622209583071546,0.316629744400515
1,2,1,-0.00278276664336756,0.350837259951861,0.763720653924322,0,0,0,0.383156752344689,0
1,2,2,-0.0321903722158352,0.976690177820374,-0.0221663060776941,0,0,0,0,0
1,2,3,-0.00873428778266078,0,0.854457498837624,0.0299679368179538,0,0,0.197266912836077,0
1,2,4,-0.0126732039777155,-0.103001331659453,-0.105655079971162,0.768625542284172,0.102072465852168,0,0,0.0618573909038309
1,2,5,-0.00971351631248295,0,0,0,0.890551049843544,0.0632930992936594,0,0
1,2,6,-0.0165426859194306,0,0,0,0,0.860897110127455,0.0745535814956502,0
1,2,7,0.00669003729379272,-0.0558405124889184,0,0.0720033091176007,0.114103662425012,0.0207671947108546,0.67728722856636,0.267486205857729
1,3,1,0.000681532815442292,0.296139549988334,0,1.33711659647351,-0.505624036565742,0.612903635401221,0,0
1,3,2,-0.0323185006071955,0.984603171683868,0.000352907809996597,0,0,-0.0301181120078582,0,0
1,3,3,-0.0114289677838705,0,0.77876404406468,0.0123160705559351,0,0,0.205845543512645,0
1,3,4,-0.00891075319047506,0,-0.0728557484672664,0.770854601656532,0.0329576579357848,0.0738271589335249,0,0.0184244551230217
1,3,5,-0.0081949979642168,-0.068799697766085,-0.0903159311623251,0,0.934029679830574,0.102571837633698,0,0
1,3,6,-0.00617923026625932,0,0,0,0,0.909176438870929,0.07894206916412,0
1,3,7,0.00239101781902844,-0.0957068490356863,-0.0160547453066029,0.0583805568428215,0.148291704673102,0,0.66355645900383,0.263827632494594
1,4,1,-0.000818130955307712,-0.904163884689441,0.609018679443884,0,0.3034433605071,0,1.20223402492326,0
1,4,2,-0.0372485812133078,0.984679407443233,2.50404664311092e-05,0,-0.00997002019477798,-0.0467414561008105,0,0
1,4,3,-0.011830309030885,0,0.91382191874351,0.0288346290669863,0,0,0,0
1,4,4,-0.0133614902255043,0.0627365129070414,0,0.674752310136285,-0.0147763040688507,0.116862951853027,0,0.131956711478319
1,4,5,-0.00950050905566795,0,-0.0783083785533543,0,0.934675146232621,0.0696717166819444,0,0
1,4,6,-0.00158678754145298,0,0,0,0,0.930022026400878,0.0733520231222447,0
1,4,7,0.00282493655981496,-0.0408210080300083,0,0,0.10914219519529,0,0.536066554350213,0.375792300707265
1,5,1,-0.000806778457739915,-0.11996588731418,0.298910346797733,0.0888271391862571,0,0,0.0907770138019251,0.164244993603095
1,5,2,-0.0370158819360136,0.959119594234073,-0.0301665966334165,0,-0.00413598721038836,-0.0143778497915804,0,0
1,5,3,-0.0122762048018439,0,0.746733331523403,0.0662305475040007,0,0,0.0981240526569938,0
1,5,4,-0.00663791211312639,0,-0.0300712639875463,0.779059462161849,-0.00845076678093235,0,0,0.0243330968075233
1,5,5,-0.00463813301549664,0,0,0,0.776371009460454,0.145708871694185,0,0
1,5,6,-0.0111640468588035,0,0,0,0,0.914702344157418,0.0616063519593829,0
1,5,7,0.00515676950626347,0,0,0,0.0727823888552628,0,0.620393663540933,0.346699714078832
1,6,1,-0.00278283786406492,-0.858605141822024,0.395919085214201,1.27697229916076,0,0.352235710961861,0.161141383655424,0
1,6,2,-0.0347803903073687,0.98557693068914,-0.0138276782572991,0,0,-0.0143495354855312,0,0
1,6,3,-0.0126828147450789,0,0.814445287692286,-0.0646852408917097,0,0,0.174529632104382,0
1,6,4,-0.011038418027967,0.0914490602468434,0,0.640866273545075,0.154058859634974,0.115749695259597,0,0
1,6,5,-0.0149059275911148,0,0,0,0.877590014109323,0.0354278703401133,0,0
1,6,6,-0.0133236386542318,0,0,0,0,0.890457457321738,0.0840281568543116,0
1,6,7,-4.21396644925132e-05,-0.0618376134603276,-0.0143090664554415,0,0.163985039736092,0,0.645344844204642,0.27358967823223
1,7,1,0.0049192258473988,-0.120186637369645,0,0,0,0,0,0
1,7,2,-0.0360640492666633,0.998076792193494,0.0151303800330271,-0.00132259102538436,-0.0368115033469973,-0.0365354518123099,-0.0192382622701992,0.015289820185449
1,7,3,-0.00995520570508437,0,0.846621545174542,-0.0035858014465742,0,0,0.162232668423493,0
1,7,4,-0.00613183022754072,0,-0.0685537372884504,0.76446495865574,-0.025790101295252,0,0,0.130787905180702
1,7,5,-0.00570832414365845,-0.0954477183641919,-0.137820626916265,0,0.925611260039212,0.143483081804272,0,0
1,7,6,-0.00638245327407515,0,0,0,0,0.897607211064646,0.0768448847826061,0
1,7,7,0.00223853557493269,-0.099802758989366,-0.0343921583137632,0.0574186348123069,0.156006061339849,0,0.674646888690299,0.270828194374552
1,8,1,0.00199781167256436,0.357208580767197,0.122132403805637,0.261554958603604,-0.012855558796892,-0.125899445474142,0.0653337391604903,0
1,8,2,-0.0328273452430461,0.978698395064702,-0.00852780253117527,0,0,0,0,0
1,8,3,-0.00413796660369367,0,0.775025818691439,0.0368054183001411,0,0,0.094380710270592,0
1,8,4,0.00201195557526981,0,-0.122283155194023,0.922193316651549,0.084669105673959,0,0,0
1,8,5,-0.00738493167949297,0,0,0,0.872286013995629,0.0937706126953553,0,0
1,8,6,-0.00325719803426339,0,0,0,0,0.909140442342201,0.0730665413768056,0
1,8,7,0.00303032546381862,-0.0883640058454176,-0.0177065838522725,0.0454482477888258,0.134532736554997,0,0.633700350500059,0.324361114036654
1,9,1,-0.00781234291695646,-0.48807389650079,0.647576172205686,0.885722687056808,0,0.736611152182072,0,0
1,9,2,-0.0334285212784345,0.98485563682563,-0.00766813636988409,0,0,0,0,0
1,9,3,0.00180710558995401,0,0.882824422233351,-0.0128064609853343,0,0,0.126609524449991,0
1,9,4,0.00476842767379396,0.00634185304775896,0,0.633226142018274,0.185751423417285,0,0.201661070934425,0.0184781890847195
1,9,5,-0.0123338390738725,-0.0647016829399957,-0.10768110669809,0,0.928662993413766,0.0744913219075552,0,0
1,9,6,-0.0042070323745648,0,0,0,0,0.899887701468687,0.0762813516102766,0
1,9,7,0.00602973383828573,-0.0758076550812374,0,0.0416005877654975,0.131660769521998,0,0.713375887919146,0.269960598651197
1,10,1,-0.00443995796625901,-0.288625449959818,0.0743533690888969,0.160276571345117,-0.0223869079354447,0.184742129610403,0,0.0959022521492965
1,10,2,-0.0352884054817776,0.969404393040106,-0.0127812818969633,0,0,0,0,0
1,10,3,-0.012594249762484,-0.0744411877068543,0.84811501210645,0.0350324833962656,0,0,0.137313707734279,0
1,10,4,0.00110591235365091,-0.145322550497627,-0.0968595436193485,0.930485541529059,0.0362936734869409,0.0968432960457195,0.0858399828426271,0
1,10,5,0.000232988071683246,-0.124083995814763,-0.1270911975745,0,0.934474700976749,0.164644025319477,0,0
1,10,6,-0.00881131214840546,0,0,0,0,0.89884502262857,0.065353442931784,0
1,10,7,0.00665548319775387,-0.0419668884808491,0,0,0.0946423667959316,0,0.685602568885985,0.336061469736054
1,11,1,-0.00748570935505436,0.118101001655249,-0.0405734798409354,0.107253018314132,0.0235831698143701,0.0273508220107427,0.154841259596006,0.098640115041625
1,11,2,-0.0358524502084553,0.974155022282091,-0.0217661675242089,0,0,0,0,0
1,11,3,-0.00355596578909484,0,0.746534560949634,0.0293765004903555,0,0,0.154069243811807,0
1,11,4,0.00797293287938042,0,0,0.869542007231312,0.143330923613591,0,0,0
1,11,5,-0.0117159027178339,-0.116136188438047,-0.158150215029723,0,0.971292534536467,0.110046805931528,0,0
1,11,6,-0.00439254496192791,0,0,0,0,0.894672745425731,0.0802330585635058,0
1,11,7,0.0048313226869905,-0.0413186290489674,0,0,0.0665215159449186,0,0.69901071179114,0.349220209673998
1,12,1,0.00136658923955007,-0.195231582104309,0,0,0,1.29667863452739e-17,0,0
1,12,2,-0.0344149455518288,0.963068964857543,-0.020116785715816,0,0,0,0,0
1,12,3,-0.00407301078839174,-0.0807334716665897,0.892912971281834,-0.0666039634347321,0,0,0.260482769006246,0
1,12,4,-0.00626633361140406,0,0,0.550360248615866,0.159399526911166,0.107175526299582,0.0502676083950591,0.119578198148066
1,12,5,-0.00317203631024045,-0.131105088482521,-0.107127905923518,0,0.949965820756658,0.140824166333546,0,0
1,12,6,-0.0057805806362184,0,0,0,0,0.896718746068378,0.072599898544857,0
1,12,7,0.00590379016689796,-0.0725526728741185,0,0,0.104057814628001,0,0.722402376074573,0.334347750890596
1,13,1,-0.00213693720302015,-0.0576230111308219,0.819522811778224,0,0,0,0,0
1,13,2,-0.0343561590695025,0.958163039616879,-0.0140958475400547,0,0,0,0,0
1,13,3,-0.00663123053923604,0,0.757054686548964,0.0532687201943226,0,0,0.149502503878186,0
1,13,4,-0.000953884831735156,-0.10381827521216,-0.0598217892522694,0.910376693552491,0.0982055053194731,0,0,0
1,13,5,-0.00123165829779467,-0.116895000508589,-0.13423084745464,0,0.938698147765042,0.163153097934632,0,0
1,13,6,-0.00341582985223175,0,0,0,0,0.894740568836058,0.078541062889664,0
1,13,7,0.0064846776080946,-0.048822104420567,0,0.01916897157828,0.0803548854946959,0,0.678919516875483,0.354824017290514
1,14,1,0.00607432502922503,0.0249095058680199,0,0.472991519704269,0,0,0.370402267632731,0.408381809927269
1,14,2,-0.0333592283085609,0.981554188910423,-0.0083663312845115,0,0,0,0,0
1,14,3,0.00358105111489817,0,0.851402693587064,0.0152922401462838,0,0,0.155568551809168,0
1,14,4,0.000836746437180885,0,0,0.688654740106829,0.235238862544467,0.0974390504393142,0.0502837662609283,0
1,14,5,-0.00608542623249704,-0.0659034136519323,-0.10072051688457,0,0.934637779375332,0.0939201762832031,0,0
1,14,6,-0.000190705459297204,0,0,0,0,0.91546501443576,0.0632262540805516,0
1,14,7,0.00652912272589962,0,0,0,0.0326134725332786,0,0.698259109953635,0.361107149133508
1,15,1,0.00159078423498567,-0.0708390460433051,0,0,0,0,0,0
1,15,2,-0.033372841563731,0.984126269516108,-0.0087716623199908,0,0,-0.0152617491073862,0,0
1,15,3,-0.0070729192305741,0,0.862816433270633,-0.00128525789464363,0,0,0.113331520737221,0
1,15,4,-0.000575704276008456,0,-0.0475769934639076,0.78270235513571,0.0312569656355371,0.0719559717276116,0.114448749578566,0
1,15,5,-0.000735352415813392,-0.0871159497816399,-0.126081804670762,0,0.927140561807916,0.152619546425627,0,0
1,15,6,-0.00565665046544911,0,0,0,0,0.892071183198124,0.0706804464547292,0
1,15,7,0.00936251110663212,0,0,0,0.0454205930636961,0,0.733003912753591,0.324629074027402
1,16,1,0.0036912642656273,0.779873293237378,0.34991418675663,0,0,0,0,0
1,16,2,-0.0339310860832136,0.998760119245062,0.00194043927426533,0,-0.0185455400053102,-0.0214263108906877,0,0
1,16,3,-0.00472618753592584,0,0.743583166279698,0.0424655944584517,0,0,0.129286719033541,0
1,16,4,0.0103574373515071,0,0,0.886416629102846,0.10828552065709,0,0,0
1,16,5,-0.00488759482757999,-0.0963331263669875,-0.0915362294244634,0,0.921884352855819,0.115520926930323,0,0
1,16,6,0.00159981856717272,0,0,0,0,0.899626207434536,0.068506354917466,0
1,16,7,0.00490316637752616,-0.0348874700095245,0,0.0113577726582883,0.0521688593493975,0,0.677194604998607,0.366075822996734
1,17,1,0.00396823792469645,-0.0617405478673956,0.200976819557991,0.443756345592828,-0.0163927696624771,0.428652710132674,0.1566950140858,0
1,17,2,-0.0322080097875516,0.990338263972097,-0.00128588067240546,0,0,0,0,0
1,17,3,0.000674998114501765,0,0.9326012017619,-0.0114205178272399,0,0,0.0972682899251928,0
1,17,4,0.00113029783807336,0,0,0.747229076678253,0.243873538617964,0,0,0
1,17,5,-0.00289334393883749,-0.09849361798785,-0.0986705160925264,0,0.925952836623346,0.111997170735035,0,0
1,17,6,-0.00337532638724267,0,0,0,0,0.892554874067545,0.0685469845020371,0
1,17,7,0.00905717422199302,-0.0561660687267295,0,0.0260234801020087,0.0896486327191823,0,0.700540029601021,0.338892448926736
1,18,1,-0.0161235045168335,0.0853721069828644,0.0249418645907115,0.0654207604836052,0.129347077431892,0.095752415168791,0,0
1,18,2,-0.0361927156586962,1.00390883741627,0.0226081820539418,0,-0.0296505658056393,0,0,0
1,18,3,-0.0106348876918729,0,0.912513605769618,0.0461714097510167,0,0,0,0
1,18,4,0.00451213694820451,-0.0895489005779979,-0.0581727526315128,0.865835551954063,0.111140340668522,0,0.108803648953666,0
1,18,5,0.0043474574147099,-0.125806595104806,-0.134439872252083,0,0.959842162753346,0.124263755605473,0,0
1,18,6,-0.00314857433416502,0,0,0,0,0.888164105132975,0.0682293122796325,0
1,18,7,0.0127628068471341,-0.0239116425836793,0,0,0.0497438207968921,0,0.704841495655121,0.380766446586345
1,19,1,0.00295058850045059,0.889624091195446,0.013754271762172,0,0,0,0,0.053906156261322
1,19,2,-0.0333949983653658,0.998634654148674,0.000889817264323788,0,0,0,0,0
1,19,3,0.00217234959988247,0,0.958696722983233,0.0403001281018988,0,0,0,0
1,19,4,0.0193350805849839,0,0,0.868102689653764,0.14940201347565,0,0,0
1,19,5,-0.00566414540019554,-0.0811353676335704,-0.103431875828928,0,0.919536701428639,0.120447976279126,0,0
1,19,6,-0.00241494497145373,0,0,0,0,0.895101101386304,0.065527157595496,0
1,19,7,0.00873093901546007,0,0,0,0,0,0.694300092899431,0.408568924834349
1,20,1,-0.0108524188777277,0.514858742385232,0,0,0,0,-6.7803668232907e-18,0
1,20,2,-0.0315687914800145,0.996762537577408,0.00907033451031657,0,0,0,0,0
1,20,3,0.0189630585952497,0,0.9786286148744,-0.0326747334101004,0,0,0.148143676870608,0
1,20,4,0.0213923810572988,0,0,0.727132658857362,0.16201961057309,0,0.115571357094426,0
1,20,5,0.00172512989468085,-0.106773964737629,-0.0862761545089934,0,0.923675485993606,0.129352641512122,0,0
1,20,6,-0.00477675314621541,0,0,0,0,0.891939567322606,0.0694023901188065,0
1,20,7,0.00995546641801542,0,0,0,0,0,0.732844105832571,0.378075595814427
1,21,1,-0.0208031533282947,-0.118252643679982,-0.309112456058298,0,0,0.0322094712523777,0.535191115694832,0
1,21,2,-0.0323331107191286,0.997175215311945,0.00676309658555142,0,0,0,0,0
1,21,3,0.00493389103140271,0,1.00164126378697,0.0425852515919358,0,0,0,0
1,21,4,0.0255296260210634,0,0,0.922494998212458,0.145862470277735,0,0,0
1,21,5,0.00588113982379336,-0.121037575000779,-0.0945839718163206,0,0.930971716163394,0.137137963517113,0,0
1,21,6,-0.00321924770817672,0,0,0,0,0.891965352159311,0.0703696426577873,0
1,21,7,0.0103371312690745,0,0,0,0,0,0.710393915157785,0.406507997252729
1,22,1,-0.00774000653074268,0.683873577500511,0,0,0,0,0,0
1,22,2,-0.0312696442794091,0.997863827944498,0.00745052795562492,0,-0.00849764657208945,0,0,0
1,22,3,0.0116208106673808,0,0.99194122921934,-0.00388558119020992,0,0.103299527556277,0,0
1,22,4,0.017666224136856,0,0,0.839563002360806,0.170876128664564,0,0,0
1,22,5,0.00203821050383302,-0.0914232180523813,-0.105193886197241,0,0.912763486874545,0.143702455468678,0,0
1,22,6,-0.00294986063506869,0,0,0,0,0.894163311450784,0.0690305671014668,0
1,22,7,0.00923476126898717,0,0,0,0,0,0.717062764341975,0.397703339563376
1,23,1,-0.00923312975628617,0.46726192347033,0.0972786738422643,0.0824071130865545,0.0944761526072262,0.0885168041175648,0.0151393152080741,0
1,23,2,-0.0305231477444624,0.994937968458153,0.00548704410419714,0,0,0,0,0
1,23,3,0.00783755293699717,0,1.04233546470142,0.0366160851064909,0,0,0,0
1,23,4,0.0176981652756953,0,0,0.859619355333354,0.165053290178423,0,0,0
1,23,5,0.00161998402949509,-0.0968676137868089,-0.0817990124030944,0,0.910586366323569,0.13658362755649,0,0
1,23,6,-0.00449285765614091,0,0,0,0,0.893973672410636,0.0688212917174078,0
1,23,7,0.00912898619479802,0,0,0,0,0,0.722651106959702,0.396388538044873
1,24,1,-0.00875137870074319,0.240768372784245,0,0.0336217050765253,-0.0416898868597721,0.461164973700373,0.0847675987282758,-0.300430009936127
1,24,2,-0.031850966599335,0.991710503794491,0.000280371541940516,0,0,0,0,0
1,24,3,0.00819401629653418,0,1.04925116530839,0.0336461640554986,0,0.00295636837393115,0,0
1,24,4,0.0170093148927402,0,0,0.852028206171748,0.182280033948911,0,0,0
1,24,5,0.000491332491063368,-0.0969008997197185,-0.0686363493950784,0,0.920781902930669,0.140788338964709,0,0
1,24,6,-0.00417348928486477,0,0,0,0,0.895227112621428,0.0722290376749569,0
1,24,7,0.00900454474556012,0,0,0,0,0,0.717224847666019,0.401043311126709
1,25,1,-0.0150682039885692,-0.0849626666680195,0,0,0,0,0.42465302757475,0
1,25,2,-0.0315171650980743,0.985756601352332,0.00236439961936016,0,0,0,0,0
1,25,3,-0.0029946694971798,0,0.910453283165595,0.063962684882973,0,0,0,0
1,25,4,0.0180914847921683,0,0,0.871875834454288,0.15031082011685,0,0,0
1,25,5,0.0013976926789908,-0.0865678389784767,-0.101363630491573,0,0.920130947142709,0.156763754885655,0,0
1,25,6,-0.00452458101228995,0,0,0,0,0.895560362168943,0.0751920940054761,0
1,25,7,0.00901264308912153,0,0,0,0,0,0.718417370638948,0.399220222485996
1,26,1,-0.00530352063623623,0.782744808981664,0,0,5.78084045467439e-18,0,0,0
1,26,2,-0.0315048859574662,0.994322173881467,0.00486097249567394,0,-0.0059825864013851,0,0,0
1,26,3,0.0126185616084143,0,0.97077464354148,-0.0226350839172299,0,0.015081741323424,0.109541909141927,0
1,26,4,0.0153804053616785,0,0,0.738399742006267,0.262502782344446,0,0,0
1,26,5,0.0021537929321994,-0.0900837918608637,-0.0724653337600608,0,0.918388289962115,0.130511753483187,0,0
1,26,6,-0.00283097309634404,0,0,0,0,0.893685843668808,0.0709315091106204,0
1,26,7,0.00901109311554765,0,0,0,0,0,0.715493388629728,0.402345679407908
1,27,1,-0.00948489867716153,-0.228978046980093,-0.00764120321034026,0,0,0.303761318633991,0.41683452295631,0
1,27,2,-0.0321887800469713,0.992626763389745,0.00575017961028845,0,0,0,0,0
1,27,3,0.00490670861699571,0,0.929582140647396,0.0184717558632846,0,0.0642856532596978,0.0651368715053849,0
1,27,4,0.0247562503612684,0,0,0.921672647471506,0.155887855942769,0,0,0
1,27,5,0.00497072045406195,-0.104183838295945,-0.0928158580874016,0,0.908612684343487,0.183950864834328,0,0
1,27,6,-0.00412144846076376,0,0,0,0,0.894768756498157,0.071787124223562,0
1,27,7,0.0108351529315742,0,0,0,0,0,0.719958774882701,0.396727931264538
1,28,1,0.00191274494679515,0.872172715584846,3.96108987106746e-18,0,0,0,0,0
1,28,2,-0.0359268488495735,0.988118748378646,0.0044813141821321,0,0,0,0,0
1,28,3,0.00566528908215816,0,1.01178802589502,0.0489269270016624,0,0,0,0
1,28,4,0.0191484022398355,0,0,0.857701306988245,0.163249054774162,0,0,0
1,28,5,-0.0020314513017404,-0.0910629243290092,-0.10259343792883,0,0.9506883597593,0.120460116416387,0,0
1,28,6,-0.00305069101217526,0,0,0,0,0.89519547848437,0.0743597004876775,0
1,28,7,0.00978746997917576,0,0,0,0,0,0.717380144646907,0.397489985771564
1,29,1,-0.00421131108192924,0.923568777749396,0,0,0,0,0,0
1,29,2,-0.0322232187075147,0.994355986733015,0.00212118650082253,0,0,0,0,0
1,29,3,0.00145680398333266,0,0.863123751465953,-0.0381032583626437,0,0.112801057118133,0.085084657243399,0
1,29,4,0.0199288161522982,0,0,0.808325408161119,0.241123479964353,0,0,0
1,29,5,0.00217692266593589,-0.0942616616625815,-0.0995136630485873,0,0.934684031415631,0.149039469207405,0,0
1,29,6,-0.00480472834581991,0,0,0,0,0.897654526634284,0.0688044892098213,0
1,29,7,0.00943355874292867,0,0,0,0,0,0.726070802730758,0.388653016745243
1,30,1,-0.0102614804618744,0.630216605101847,0,0,0,0,0,0
1,30,2,-0.0310725359849504,0.991436310334772,0.00286471763370808,0,0,0,0,0
1,30,3,0.0111145399502093,0,0.933448441467777,-0.050159176127001,0,0,0.194318153766419,0
1,30,4,0.0204691570599552,-0.247722602353674,-0.100540400176513,0.757900562657366,0.122009777409512,0,0.483651483990501,0
1,30,5,0.00499075649920287,-0.118047829505989,-0.103493470051732,0,0.938327569700662,0.164209918472885,0,0
1,30,6,-0.00285147980195444,0,0,0,0,0.89688085267037,0.071084848951206,0
1,30,7,0.0107067251875371,0,0,0,0,0,0.710684274364567,0.405391112913179
1,31,1,-0.00779430237038419,0.921824576486954,0,0.0099306018570521,0,0,0,0.0163563605450345
1,31,2,-0.0317661742421917,0.990540395118518,0.00285925494976075,0,0,0,0,0
1,31,3,-0.000492067176615124,0,0.892624730449137,0.0260361706900414,0,0,0.116050882814427,0
1,31,4,0.0135493681995076,-0.202373135272328,-0.0903753538511615,0.934895039419553,0.139238711459965,0,0.153568543563266,0
1,31,5,0.000567500681396962,-0.114929661451518,-0.120846341397983,0,0.952095949062153,0.152589791942594,0,0
1,31,6,-0.00184732978223681,0,0,0,0,0.900473746357381,0.0691095241647048,0
1,31,7,0.0109222406153733,0,0,0,0,0,0.705629349605044,0.408827798920896
1,32,1,-0.00143399359534578,0.341240009321483,0.246078910573804,0,-0.107885234523909,-0.293931654620242,0,0
1,32,2,-0.0363472449349327,0.992913486872673,0.00869891315483844,0,0,-0.0232004532247867,0,0
1,32,3,0.00399186430080198,-0.0374937471667966,0.940981692832443,-0.00498954664221853,0,0,0.12261350785,0
1,32,4,0.0272221098953586,0,0,0.923466886096577,0.153813600302042,0,0,0
1,32,5,-0.00811399614637921,-0.0586702373011701,-0.098322494637182,0,0.966823101443958,0.0529924681240581,0,0
1,32,6,-0.0132061708541667,0,0,0,0,0.874122729433922,0.0821997319506562,0
1,32,7,0.00457844621015228,0,0,0,0.0500433530927091,0,0.671032001572021,0.374479080772629
1,33,1,-0.00627421816154513,0.496299383769163,0,0,0,0,0,0
1,33,2,-0.0325402050446158,0.987550347978859,-0.00533898444176662,0,0,0,0,0
1,33,3,-0.00880171234223089,0,0.903276198356113,0.00472704011179698,0,0,0,0
1,33,4,0.00631428132770587,-0.0737278882298118,-0.121079939178704,0.921393973608284,0.192116252065634,0,0,0
1,33,5,0.00219897029064246,-0.120334350135862,-0.127239424202537,0,0.963300667537145,0.139147919868996,0,0
1,33,6,-0.00834592877223549,0,0,0,0,0.906638353168541,0.0615769454623501,0
1,33,7,-0.00190067601675633,0,0,0,0.103282201314065,0,0.586680845155254,0.354106310649876
1,34,1,0.000815642209366795,0.974954781737109,0,0,-0.0038011125819918,0,0,0
1,34,2,-0.0315166911211021,0.989356571824085,0.000600507653491542,0,0,0,0,0
1,34,3,-0.00469281675237929,0,0.892815303915924,-0.0325650785812225,0,0,0.14235794200018,0
1,34,4,0.000307179586083261,-0.141126568843613,-0.0877275476358543,0.89883915275835,0.136439322394383,0,0,0
1,34,5,-0.00146233911046905,-0.0689223485012041,-0.107783849189214,0,0.920082024422673,0.153515454152685,0,0
1,34,6,-0.00542913458287346,0,0,0,0,0.900491398167985,0.0715392813336355,0
1,34,7,0.00205973462468472,-0.0326694353620728,0,0,0.101961078369749,0,0.658348305847336,0.314201450898739
1,35,1,0.00225912430369794,0.22272401555892,0.199603329710858,0.668932900793123,0,0,0,0.0838230460030894
1,35,2,-0.0280282044997249,0.995628186595812,-0.0110791999398246,0,0,0,0,0
1,35,3,-0.00661412452331767,0,0.917013129619365,0.0318195872785982,0,0,0,0
1,35,4,0.00301638646874235,-0.21128494909782,-0.148701771384578,0.962594577417525,0.148583423837215,0,0,0
1,35,5,0.0062506196976608,0,-0.16391805322424,0,1.07109298907201,0.25267684094399,0,-0.16207608595722
1,35,6,0.00529743180733302,0,0,0,0,0.952550254411049,0.0518704438001403,0
1,35,7,0.00165358990014274,-0.0429786657166247,0,0.0262358869040923,0.112048393393797,0,0.628460301147518,0.315712597830878
1,36,1,-0.00286540139323339,0.434986456182048,0,0,0,0,0,0
1,36,2,-0.0312076268660049,0.985348346084457,-0.0042585210805885,0,0,0,0,0
1,36,3,-0.00106191674390496,0,0.814838215177928,-0.0157277780190463,0,0,0.141483928088122,0
1,36,4,0.0200679730650708,-0.189116454816918,-0.0666581008735488,0.820112365387298,0.0990811260270044,0,0.277523224338424,0
1,36,5,-0.00599745602532281,-0.00336352782064591,-0.0592322807884806,0,0.872685515585812,0.0888426094267995,0,0
1,36,6,0.00817254938696246,0,0,0,0,0.915845520754338,0.0995103731904802,0
1,36,7,0.0102940336669195,-0.080209318010208,-0.0154772431984789,0,0.0851763047649534,0,0.70538380135428,0.33394918071192
1,37,1,-0.00133074727219854,0.608643659818907,0,0,0,0,0,0
1,37,2,-0.0317729163114883,0.991291035053597,-0.00247825053294539,0,0,0,0,0
1,37,3,0.000822269808686396,0,0.983357378978096,0.00512790700712597,0,0,0,0
1,37,4,0.0116383228442929,0,0,0.817731021110025,0.186445159934007,0,0,0
1,37,5,-0.00325917732114491,-0.100209366212323,-0.104141674607158,0,0.927944313690864,0.109112310508113,0,0
1,37,6,-0.00512865025280032,0,0,0,0,0.897691152307383,0.0644270288550915,0
1,37,7,0.00801208298874112,-0.0286578339721803,0,0,0.0671791414510538,0,0.642657783015948,0.379480957489291
1,38,1,-0.0234572629004374,0.350577769972979,0,0,0,0.0138153099930762,0.0574695346867314,0
1,38,2,-0.031318264638549,0.992629500086205,0.00128200050355598,0,0,0,0,0
1,38,3,-0.00591753002101479,0,0.942193996628014,0.0639691079410299,0,0,0,0
1,38,4,0.0196309370800842,-0.0735997197321706,0,1.00779571721955,0.115639457386389,0,0,0
1,38,5,-0.0014170250249447,-0.115863290530968,-0.106289381799557,0,0.924806451487735,0.158311646415575,0,0
1,38,6,-0.00641640958792283,0,0,0,0,0.895246955744814,0.0661861466452275,0
1,38,7,0.00659563173715527,-0.0196998472082562,0,0.0337692254575635,0.0648105461828347,0.0366823260216208,0.675158806752565,0.329940524589173
1,39,1,-0.00100299417378709,0.946689088131592,0,0,0,0,0,0
1,39,2,-0.0326552988290812,0.991775368665691,0.0053600219785462,0,0,0,0,0
1,39,3,0.00541725110406989,0,0.924015288962051,-0.04877123532317,0,0,0.179647876336775,0
1,39,4,0.0181581747558186,0,0,0.861611464586592,0.199850909512477,0,0,0
1,39,5,-0.00459696589597533,-0.0926538904767981,-0.0947990395515141,0,0.954865283196157,0.106666917917547,0,0
1,39,6,-0.00725505447013215,0,0,0,0,0.892600072849757,0.0813497346403763,0
1,39,7,0.00799711367460965,-0.0268244944043282,0,0,0.0945353803888656,0,0.736161141137548,0.318680132622164
1,40,1,-0.00836787704395186,0.628610841173866,0,0,0,0,0,0
1,40,2,-0.0319241523578653,0.989834087249984,0.00742039133346369,0,0,0,0,0
1,40,3,0.00701589901265928,0,0.990225573572709,-0.0154084287488895,0,0,0.0467578983368549,0
1,40,4,0.0208310521657386,0,0,0.918057271825567,0.160639845565226,0,0,0
1,40,5,-0.000366080669947158,-0.104999507611889,-0.0884454937438564,0,0.91551086320132,0.167626523338732,0,0
1,40,6,-0.0106055148759067,0,0,0,0,0.909852983452045,0.0563724456113771,0
1,40,7,0.00862363238481792,-0.0316665311664741,0,0,0.0668852582563433,0.0291999146468904,0.699829073165806,0.348155003089817
1,41,1,-0.004170445529077,0.40080500944965,0.00466337221001168,0.040589006982439,0.0759895381299341,0,0,0.0588798467678711
1,41,2,-0.0323372894562485,0.99042298784398,0.00639738564308683,0,0,0,0,0
1,41,3,0.00340602431625421,0,0.882163994813348,-0.00137365428014029,0,0,0.139266973829617,0
1,41,4,0.0130432354374747,-0.151339893372459,-0.0702467243466982,0.976660140814528,0.138005098715371,0,0.0426609717508145,0
1,41,5,-0.00988798312001057,0,-0.0340531133994488,0,0.897161140437972,0.0911611934458813,0,0
1,41,6,-0.0167806499994504,0,0,0,0,0.864757054207985,0.0911630654705654,0
1,41,7,0.00558378881603448,-0.0142404040245605,0,0.00413621038548887,0.0706987673350255,0,0.656981486665503,0.36622417130946
2,1,1,0.00709129007967219,0.0614651675414002,0.145578845285526,0.0333812481608829,0,0.00694012380984094,0.0607885681153136,0.0919004152679473
2,1,2,0.00327803392956035,0.813706199848157,0.104206342800052,0,0,0,0,0
2,1,3,-0.0301285314817487,0,1.03688404715557,0.0536888946337225,0.0203607851712576,0,-0.0232971261166275,-0.137333512008845
2,1,4,-0.0410737677543691,0.0947514598500964,0,0.87480352602183,-0.076219673880129,0.0258224858879159,0.054028131120886,0
2,1,5,-0.0835301795828831,0,0,0,0.895816069868772,-0.0353393115203556,0,0
2,1,6,-0.0784418014014753,0.105062571592083,0.0562234598760867,0,0,0.794962404746182,0.0218468073884241,0
2,1,7,-0.0195144903720311,0,0,0.109226971186286,0.152295428591204,0,0.469392969354452,0.265415656774421
2,2,1,0.0162226853762076,0.150114547081841,0.101435809608078,0,0,0.0476214486301236,0.154983140330565,0.0888288315306926
2,2,2,0.00102157028197928,0.998143303919558,-0.0291138364026242,0,0,-0.0405724633829257,-0.0479717234944691,0
2,2,3,-0.0213258672950404,0,1.02131461348972,0.0297050640369374,0,0,0,-0.0793400308798726
2,2,4,-0.0506825025457852,0,0,0.9351848369106,-0.0133295777752532,0,0,0
2,2,5,-0.0560079012408469,0,0,0,0.855338697548816,-0.020372488033601,0.109973579433928,0
2,2,6,-0.0721432050686838,0.100566517095205,0.0542669570866019,0,0,0.804801044216506,0.0372673828020291,0
2,2,7,-0.0119344379429526,0,0,0.0363125419213052,0.0775618849485601,0,0.566346956158274,0.398590633491246
2,3,1,-0.003649202281365,0.325102552428644,0,0.0168552992002886,0,0.105636507118218,0.106327108838511,0.058731029628284
2,3,2,0.000839264969035712,0.889244671916063,-0.00890004316601982,0,0,0,0,0
2,3,3,-0.010996681219027,0,1.06363196324342,0.0235945280714339,0,0,0,-0.08220386805864
2,3,4,-0.0511895040428026,0,0,0.937239229383913,-0.0180314601611923,0,0,0
2,3,5,-0.061682562526562,0,0,0,0.861970531987714,-0.0271011154091988,0.0977218590884152,0
2,3,6,-0.0738072535549526,0.0993393342837254,0.0316875093819678,0,0,0.80922406385829,0.0431257047353045,0
2,3,7,-0.0138626282200071,0,0,0.0775357118332214,0.120517897672733,0.0114480632670788,0.573316715220937,0.302186874355988
2,4,1,-0.00460680835092664,-0.191806922695448,0.378130722416746,0.0975978423355331,0,0,0.154241313839245,0.0209575391027007
2,4,2,-0.00103632533277666,1.00545815763045,-0.0221844007479941,0,0,0,0,0
2,4,3,-0.0178154242896325,0.0751569495766202,1.03676963363136,0.0369715656103698,0,0,0,-0.147582837011199
2,4,4,-0.0446910117385109,0.102434990084282,0,0.883955583314984,-0.0649281536687383,0.0113449321728951,0.0275807183856833,0
2,4,5,-0.0522116247879429,0.048703659777116,0,0,0.851441714209037,-0.0314692745434009,0.0905850212428052,0
2,4,6,-0.06740484573465,0.11688228868139,0.0395742078304671,0,0,0.805681313654535,0.0409136796242089,0
2,4,7,-0.0165370786440234,0,0.0330925727169458,0.0873746532832835,0.130023194558219,7.36086808487794e-05,0.567630565997333,0.254735466621861
2,5,1,0.0087341500778905,-0.0457888870036683,0.437025028664465,0,0,0.01316156144122,0.390446575774401,0.185528381462184
2,5,2,-0.000878733033987565,0.993759543003646,-0.0289124899082223,0,0,0,0,0
2,5,3,-0.0307489662473557,0,0.938891468488661,0.0298455868686497,0,0,0,-0.03107428443235
2,5,4,-0.0405049069367714,0.102553076497916,0.0164417847836657,0.879585733358466,-0.0668113588430374,0.0051607549084358,0.033520976948158,0
2,5,5,-0.062456942639631,0,0,0,0.857919123037886,-0.0269582014556519,0.100224622115188,0
2,5,6,-0.0790754379879587,0.0848447100543212,0,0,0,0.821680607261661,0.0581703820012176,0
2,5,7,-0.0155265067403415,0,0,0.0942387023007691,0.130813652515951,0,0.567507190435343,0.284617312129435
2,6,1,0.0168953185174891,0.383565912825412,0.159342244135571,0.0593220448231587,0.057296313883395,0.0360131596209022,0.175862454294031,0.0671673026289805
2,6,2,-0.000710673030481029,0.985405763955083,-0.0296131677747349,0,0,0,-0.051066699370919,0
2,6,3,-0.0271714255487461,0,1.02553555824448,0.0255133258081653,0.0185686398960819,0,0,-0.110277901635984
2,6,4,-0.0777567311717738,0.144420714676307,0,0.723470283819203,-0.0256565441859665,0.0175686216807468,0.0433394661172027,0
2,6,5,-0.0625482605934282,0,0,0,0.865658103289413,-0.0309771284557225,0.0974220587776789,0
2,6,6,-0.0829542492457231,0.0993238972153348,0.040962833516166,0,0,0.781517303566863,0.0501982660972754,0
2,6,7,-0.0186093603956333,0,0.0277039083460572,0.0631944111787544,0.14224820666435,0.0195946260610522,0.582439868191885,0.251396508358264
2,7,1,0.00466634145424314,-0.00637284417695437,0.0536859387894103,0,0,0.156467000098576,0.564527925337051,0.0102826691599463
2,7,2,-0.00113992382865568,1.06172888219136,-0.00844736228746464,0,0.0438374740875366,-0.193111344988295,0,0
2,7,3,-0.0212325222943854,0,1.01734536493179,0.0470650468704889,0.0645258811672041,0,0,-0.139911451764442
2,7,4,-0.0511631591882201,0.101458631675699,0,0.870748109893729,-0.103758075767663,0.0328428812192988,0.0383897099607084,0
2,7,5,-0.075414236418372,0,0.0624346314259828,0,0.751780143041893,-0.0180646600455466,0.110570865900107,0
2,7,6,-0.0833865434904969,0.137625323715514,0.118893628831687,0,-0.153680231531718,0.812672114643406,0.0614531984672183,0
2,7,7,-0.0162908583974758,0,0,0.0910550610382459,0.192899103703683,0.0801918724419424,0.577997641577166,0.178208136749942
2,8,1,0.00960951002203426,0.131252221249621,0.135665987339718,0.00552446835890817,0,0.196033034894304,0.241026650860301,0.138165233116432
2,8,2,-0.00134600515536375,0.968662541908325,-0.0075028785573922,0,0,0,0,0
2,8,3,-0.0212509903548213,0,1.0240187188282,0.0304864998359552,0,0,0,-0.0830628120728772
2,8,4,-0.0393576969448552,0.0839950598178356,0,0.870536118976655,-0.0514371930614876,0.0652989935461086,0.00581193112824359,0
2,8,5,-0.0484378143202961,0,0,0,0.885021853592786,0.0397843613650167,0.0429059852731206,0
2,8,6,-0.0655207390990249,0.0848060920111669,0.0351779681635917,0,0,0.836667736151032,0.0430465873649707,0
2,8,7,-0.0187245788009691,0,0.0536529009663848,0.10213333106181,0.103069737990505,0,0.572576305268989,0.255599505935017
2,9,1,0.0112228329731345,0.046721287656964,0.310783899753369,0,0,0.104391949572404,0.337270274495846,0.139491279307333
2,9,2,-7.35390173210344e-05,0.875636393259178,-0.0287389249338722,0,0,0,0,0
2,9,3,-0.022808439018093,0,1.02489149727597,0.0337692209996231,0,0,0,-0.0907032294110501
2,9,4,-0.0450255036340487,0.0927665123034258,0,0.883969602144958,-0.0664845544577308,0.010560805979272,0.036872432345101,0
2,9,5,-0.0403162039281223,0,0,0,0.792481985721947,-0.0563003795930168,0.220502714639494,0
2,9,6,-0.0547180512433298,0.052069415965702,0,0,-0.00693359733361406,0.812319525773384,0.140372996982001,0
2,9,7,-0.0147410074112292,0,0,0.077615429432891,0.122204553657957,0.052601455265367,0.649195661823296,0.203895678442875
2,10,1,-0.00026929090192269,0.215902424686241,0.191688435090154,0.0208144490793339,0,0.0806355215364348,0.250321966213738,0.109837760107309
2,10,2,-0.000370945621556804,0.966791010506335,0.0266000845423568,0,0,0,0,0
2,10,3,-0.0242032098700096,0,1.03965640447803,0.0384983551135147,0,0,0,-0.101575442888396
2,10,4,-0.0475469041310477,0.0938198303799478,0,0.887016405249705,-0.0689786361092266,0.013578570554586,0.0352909847592496,0
2,10,5,-0.0658843349234885,0,0,0,0.908297540261834,0.00217855254858909,0,0
2,10,6,-0.0683148149186508,0.107756040795977,0.054704978683234,0,0,0.807093801904072,0.0354177948891761,0
2,10,7,-0.0183280926818341,0,0.0698747572381653,0.11673002304961,0.0851139195578024,0,0.598944104871743,0.246890220471493
2,11,1,0.00721437155876676,0.172055084268452,0.310172924389468,0.0452670958400525,0.0231861636675156,0.0430352520321271,0.177304570769826,0.171668911154985
2,11,2,-0.00015003690320726,1.11649501210758,-0.0535428678604318,0,0.0358048701213391,0,0,0
2,11,3,-0.0247561262828118,0,1.03231407378953,0.0420578578052832,0.0147193165013443,0,0,-0.112125996909248
2,11,4,-0.0461206304801444,0.0960076669337442,0,0.88657871678725,-0.065528788201426,0.0125962127777212,0.0317781625316431,0
2,11,5,-0.0649191447903175,0,0,0,0.91375354069824,-0.00175696229480582,0,0
2,11,6,-0.077458117896924,0.106305967255075,0.0507060619787232,0,0,0.802786411151209,0.0411352938112436,0
2,11,7,-0.0163005141880508,0.0492400283566169,0.0785113930979835,0.0861227704554421,0.0282102961634551,0,0.621958614775716,0.287276119614928
2,12,1,-0.0034683004279946,0.115448903902304,0.241259680382857,0.0534382488807572,0,0.191988746290328,0.113648433708632,0.103572661456843
2,12,2,0.000233691698162949,1.15434080813958,-0.0497802895062792,0,0.0306302365061807,0,0,0
2,12,3,-0.0263010185163428,0,1.03974951002727,0.0250570017078017,0,0,0,-0.0855679722584956
2,12,4,-0.0452940958581627,0.0969328398588458,0,0.883823396377351,-0.0676376361371389,0.017244014047037,0.032953299723417,0
2,12,5,-0.0625943320106702,0,0,0,0.912222161409794,0.00128172525082141,0,0
2,12,6,-0.0698136232554888,0.105264541892969,0.0523065079165437,0,0,0.806474135914779,0.0388977399196296,0
2,12,7,-0.0201870911362692,0.0191117300057744,0.0642394474112767,0.0912309094039011,0.116391924271054,0,0.582183815667845,0.261520635374198
2,13,1,0.00514419147424716,0.379370092515113,0.0772231070527598,0.0691666632864804,0,0.103177698328663,0.111677110979159,0.0947022391523023
2,13,2,-0.000333171545357694,1.10584706702193,0.00997937950290638,0,0,0,0,0
2,13,3,-0.0267078042678353,0,1.02088898772304,0.0430408502912933,0.0147384598012978,0,0,-0.111456461363446
2,13,4,-0.0435629175768428,0.0972100931819581,0,0.885477860215932,-0.0652370382392514,0.0137506941419051,0.0307723702878938,0
2,13,5,-0.0634108297413999,0,0,0,0.909898479136459,0.00245736080612707,0,0
2,13,6,-0.0673488923059229,0.110416370441858,0.0649437753715618,0,0,0.80295194258711,0.0309041528698919,0
2,13,7,-0.0177710165432386,0.0159995345438513,0.0588825347638198,0.101422882320222,0.0699587742985235,0,0.602726301794065,0.275622116412369
2,14,1,-0.0122765981704725,0.218219697645284,0.154816262415876,0,0,0.0862841399134359,0.32731480639821,0.0871990702986888
2,14,2,-4.43186576873462e-05,1.11130681516645,-0.00994666084067978,0,0,0,0,0
2,14,3,-0.0227647385550975,0,1.0365972104914,0.0337242806587597,0,0,0,-0.0990835316348098
2,14,4,-0.0398297992470592,0,0,0.947865988918461,-0.012761341675447,0,0,0
2,14,5,-0.0579201960031328,0,0,0,0.911591291945005,0.00279440706659848,0,0
2,14,6,-0.0702249144050558,0.108017470648805,0.0578904078114094,0,0,0.807123206742624,0.0338664488858995,0
2,14,7,-0.0160139037148551,0.0373028670840714,0.0974965988937843,0.0901959182636307,0.0892676442282337,0,0.593174406033405,0.246756862059217
2,15,1,0.00144586846537039,0.203325082819687,0.199019537217549,0.0747910648515582,0,0.0539317396761293,0.0900338034898216,0
2,15,2,-0.000945497583580172,1.02180661859041,0.010581534680711,0,0,0,0,0
2,15,3,-0.0278948456909129,0,1.03530061850147,0.0278718377480231,0,0,0,-0.093029973488419
2,15,4,-0.0482581893776679,0,0,0.939765994517275,-0.0161152024588889,0,0,0
2,15,5,-0.0653176355350429,0,0,0,0.904752252877474,0.00369419243400389,0,0
2,15,6,-0.0660869399330932,0.117727228336429,0.0512928198056439,0,0,0.801534264145647,0.036513159990919,0
2,15,7,-0.0178159052771949,0.0173109001752404,0.0755748664894113,0.0843594778882012,0.0589909682109564,0,0.632927180088087,0.268379169044667
2,16,1,0.00810162301049037,0.21805380269505,0.248240213026956,0.0581843419700338,0,0.0107081449098917,0.190299183771953,0.0856778728039791
2,16,2,-0.00123566578112245,1.04915983538074,-0.0406577312977285,0,0,0,0,0
2,16,3,-0.029977118393216,0,1.00089632215444,0.0364288843646101,0,0,0,-0.0925842109409939
2,16,4,-0.0355365970409609,0,0,0.947783838780835,-0.00825801190331749,0,0,0
2,16,5,-0.055693111873102,0,0,0,0.913694330244895,0.00671370574387061,0,0
2,16,6,-0.0564123395704538,0.0887666964944291,0.111451661244952,0,0,0.818636160438392,0.0117523816094801,0
2,16,7,-0.0207481511953009,0.0450786666510931,0,0.091025383506642,0.0927695778570889,0,0.586943101638177,0.285179918679103
2,17,1,0.00589695666796457,0.40437837658229,0.203410313574807,0.128399962829823,0,0.0817707956896686,0.00844583779831645,0.0741961604432904
2,17,2,0.000655694092235214,1.00611118043107,0.100236348473679,0,0,0,0,0
2,17,3,-0.0223707527815486,0,1.03362288627191,0.0470539775004693,0.00272527634692246,0,0,-0.108511781221194
2,17,4,-0.0114841920974743,0,0,1.05349981614543,-0.041928877008778,0,0,0
2,17,5,-0.0509345179277403,0,0,0,0.908903822718903,0.00497216331940055,0,0
2,17,6,-0.0611218434429127,0.0804850252084353,0.0366505822682538,0.0436632616686848,0,0.796176425940624,0.0474237941747512,0
2,17,7,-0.0168917153688276,0,0.0552037407115902,0.0937403507876205,0.113148514047682,0,0.592650096562331,0.262405399905231
2,18,1,-0.00658798483335581,0.0473734624896157,0.366182503446262,0.0503866182468318,-0.360234366629624,0.0247840511078925,0.486755726033024,0.232247367400043
2,18,2,-0.00021724676339571,1.11842083362163,-0.0145383972580258,0,0,0,0,0
2,18,3,-0.0232370134232101,0,1.04365206003125,0.0388578258824063,0,0,0,-0.101891926547765
2,18,4,-0.0432444458626324,0.104672193286852,0,0.874388940833394,-0.0833402719471205,0.0308026724239712,0.0516651983184603,0
2,18,5,-0.0322397583774292,0,0,0,0.941218660465603,-0.0175911571382538,0,0
2,18,6,-0.0606805461521059,0.105843713903184,0.0567561294253801,0,0,0.804728175682263,0.0358363574813426,0
2,18,7,-0.0133385310023459,0.0346165386679078,0.0739814150076486,0.0752327453292866,0.0835376903599783,0,0.618321398049948,0.281681556063304
2,19,1,0.00722882348838171,0.505339996093991,0.416134785611574,0.100504380683916,0,0,0,0
2,19,2,5.50180717704025e-05,1.09232310854373,-0.00419416237367906,0,0,0,0,0
2,19,3,-0.0250645925121017,0,1.04397024179577,0.0359400504831539,0,0,0,-0.0990224572927653
2,19,4,-0.0420754098419656,0.106602560702336,0,0.870440132328931,-0.096374198265116,0.0380697546418243,0.0606557762903417,0
2,19,5,-0.0521406139242973,0,0,0,0.844597851589987,0.0256051238746557,0,0
2,19,6,-0.0643858609288561,0.100638277142645,0.0515974365950647,0,0,0.812355037888506,0.034167419544111,0
2,19,7,-0.0128583160877639,0.0722251533774093,0.114236671392062,0.0442955444867073,0,0,0.666562445257903,0.295962568153086
2,20,1,-4.49698038891971e-05,0.363773503249471,0.478961867428817,0.138076280062226,-0.0641674921028711,0,0,0.0369795170913535
2,20,2,0.000417147274291364,1.09985909954216,-0.00201028522056005,0,0,0,0,0
2,20,3,-0.0199317322397745,0,1.05356567129394,0.0372974387556724,0.00390775065080446,0,0,-0.102761409491226
2,20,4,-0.0437162264996263,0.107457962934004,0,0.872065036770856,-0.0950865082426691,0.0332991385577077,0.0625670930534537,0
2,20,5,-0.0513566324331725,0,0,0,0.843019523027388,0.0148778326715142,0,0
2,20,6,-0.0681533236180395,0.108241896149087,0.0569374683360539,0,0,0.803980728446145,0.0353799368438113,0
2,20,7,-0.00889312148988283,0.0926890190107655,0.111831000988122,0.00613993646303606,0,0,0.695620632456148,0.291416746612479
2,21,1,-0.00863593482969693,0.522545346488245,0.276889279747028,0.146213621298188,0,0,0,0.0111373375871559
2,21,2,-4.8383744594635e-05,1.04684963199525,0.0468183619550093,0,0,0,0,0
2,21,3,-0.0243039431969833,0,1.05205340644508,0.0409167126136576,0.00744958019738051,0,0,-0.10157817301896
2,21,4,-0.0447857683442353,0.107162029507343,0,0.871553813495876,-0.0945076602490227,0.0349391545028457,0.062044335972199,0
2,21,5,-0.0573553512761723,0,0,0,0.843649925534797,0.0219321023619514,0,0
2,21,6,-0.0694773242471016,0.107939631962673,0.0584575526475378,0,0,0.806420086493483,0.0329333296839077,0
2,21,7,-0.0123850715072542,0.0864927501093574,0.132485227604353,0.0100681033974514,0,0,0.659314020537611,0.300076921300241
2,22,1,-0.0035952916078924,0.417755031997177,0.461867119152853,0.166332566306725,-0.0901874194383721,-0.0434644650641282,-0.0524613625838047,0.0989535601974201
2,22,2,-0.000429649969770782,1.03301764127409,0.0461229040280427,0,0,0,0,0
2,22,3,-0.017240731745684,0,1.0590690902744,0.0438025368195436,0.00687585033893863,0,0,-0.114239881947308
2,22,4,-0.0398142965344644,0.105231586533394,0,0.879105419075928,-0.089520537186648,0.029173220069853,0.0505907677567633,0
2,22,5,-0.0516724544274411,0,0,0,0.843191564207524,0.0208967227276578,0,0
2,22,6,-0.0714692556466844,0.108356123164909,0.058781768335657,0,0,0.806823224152355,0.0342489430920616,0
2,22,7,-0.0113111053775475,0.0942787717516054,0.127249042098636,0.025034661689918,0,0,0.6546807388682,0.289942795377685
2,23,1,-0.0134684437450702,0.417405931192108,0.369735037304327,0.154971549423845,-0.134283136575939,-0.00152258804393827,-0.00632960571119173,0.121932827595999
2,23,2,0.000696595839754038,1.01717061131702,0.0789345399858024,0,0,0,0,0
2,23,3,-0.0201648937135262,0,1.05556485642077,0.0361410600203002,0.00677595538125169,0,0,-0.0998876250643503
2,23,4,-0.0420503254059944,0.107173276615039,0,0.871439761110083,-0.0929626167262894,0.0316042036401895,0.0605902086722024,0
2,23,5,-0.0538596813072332,0,0,0,0.844215389147245,0.0181143258760531,0,0
2,23,6,-0.0703941893655864,0.108390857069659,0.0583764172451691,0,0,0.806951084791546,0.033521190647881,0
2,23,7,-0.0122060888557223,0.0966695127125618,0.131257527466275,0,0,0,0.672890902653573,0.294578664847049
2,24,1,-0.00845082541881451,0.532282247530881,0.337321314689522,0.0984794063039319,0,0,0,0.00483319100291156
2,24,2,-0.000354843043689781,1.0156045079424,0.0660687144243891,0,0,0,0,0
2,24,3,-0.0207613333540095,0,1.05783460032011,0.0352988535343618,0.00500982286156735,0,0,-0.0988670178966612
2,24,4,-0.0464422142799392,0.106312373041738,0,0.871737444497349,-0.0935934973976458,0.0350951924834401,0.0633275262700477,0
2,24,5,-0.0574480708289109,0,0,0,0.843108016513906,0.0227892547512067,0,0
2,24,6,-0.0732552641447074,0.107434376764297,0.057999865230913,0,0,0.807526674805367,0.036532359936885,0
2,24,7,-0.0110811441451899,0.101557355564526,0.141003009124301,0,0,0,0.675762805457831,0.283505170378242
2,25,1,-0.00680275335452735,0.4888577042214,0.37184874126911,0.101923369630237,0,0,0,0
2,25,2,0.00077034923114333,1.06767123367449,0.0238801500796694,0,0,0,0,0
2,25,3,-0.0220817112573488,0,1.05695011353668,0.0347875497203233,0,0,0,-0.0914063673456037
2,25,4,-0.0468021729544742,0.10458780271424,0,0.874481424315735,-0.0881574452657519,0.033248729916399,0.0552755095113704,0
2,25,5,-0.0663468675315171,0,0,0,0.844566554426981,0.0293217826844208,0,0
2,25,6,-0.0730098435824081,0.107413169283596,0.0578868196362709,0,0,0.80962647574342,0.0342105360052016,0
2,25,7,-0.011952808989661,0.0910760030907285,0.132351966227422,0,0,0,0.671121116463832,0.309486862943567
2,26,1,-6.95845486404362e-05,0.534613202507861,0.31470683299563,0.111671431114303,0,0,0,0
2,26,2,0.000509701725464315,1.01656269547803,0.0683049751674196,0,0,0,0,0
2,26,3,-0.0214476339356641,0,1.05728061492668,0.0340015612495339,0.000209620469152039,0,0,-0.0940421027016254
2,26,4,-0.0463649796075019,0.106929365719988,0,0.87138099642455,-0.0949602178353345,0.0346143192633011,0.0639920241911033,0
2,26,5,-0.0584495855620462,0,0,0,0.843463590448898,0.0234941936088387,0,0
2,26,6,-0.0691880148877348,0.107573610987471,0.057076300970275,0,0,0.80718378871675,0.0336106348496444,0
2,26,7,-0.0114487093787662,0.0932124783736626,0.130349578439123,0,0,0,0.682951616827637,0.297633498122722
2,27,1,-0.00314371028020366,0.557574898228976,0.333257218928646,0.0997297459881617,0,0,0,0
2,27,2,0.000563054854321635,1.03920137575544,0.0526365510799181,0,0,0,0,0
2,27,3,-0.021936006578532,0,1.06089033896574,0.0335377476307027,0,0,0,-0.0959416062721847
2,27,4,-0.0485712715820409,0.109800050579833,0,0.870155689656333,-0.0949919138569692,0.0363448318689568,0.062236241939487,0
2,27,5,-0.0621028236797902,0,0,0,0.843946882425525,0.0245817614827162,0,0
2,27,6,-0.0699420511021835,0.10811662163839,0.0582864873781451,0,0,0.806881787295526,0.0336059155814598,0
2,27,7,-0.00919614242413025,0.0348378005574426,0.135182266498203,0,0,0,0.711689175520062,0.305370164687924
2,28,1,-0.00556268208396776,0.540997708484614,0.329232867193315,0.0986138744882574,0,0,0,0
2,28,2,-0.000287603855100127,1.02928751839547,0.0551092297404367,0,0,0,0,0
2,28,3,-0.0196146526609584,0,1.06221458046047,0.0340096188201159,0,0,0,-0.0977985684177844
2,28,4,-0.0470559732495161,0.108130917999349,0,0.871170256327142,-0.0956723478342582,0.0346095218123476,0.0639214766059119,0
2,28,5,-0.0634190210078353,0,0,0,0.844040408031625,0.0241661279087378,0,0
2,28,6,-0.069301239334804,0.108028112369994,0.0575294497464094,0,0,0.807399986602268,0.0333638074244424,0
2,28,7,-0.0103011764060424,0.093758216008909,0.112432872768752,0,0,0,0.664337093274224,0.31947129411054
2,29,1,-0.00100835369092228,0.55684300968795,0.306403160684656,0.10744958105833,0,0,0,0.0266219851032067
2,29,2,0.000439644220248267,1.07335077001162,0.000891926733976391,0,0,0.0232875566615042,0,0
2,29,3,-0.0247670979597482,0,1.05847877065694,0.0398042573245025,0,0,0,-0.092862961489533
2,29,4,-0.0472643301048755,0.107693220966851,0,0.875451280791033,-0.0920632368859182,0.0309781301290265,0.0590961769461037,0
2,29,5,-0.0622150719550393,0,0,0,0.840605292154338,0.0247252540602247,0,0
2,29,6,-0.0715865642610754,0.108719572382217,0.058387416125753,0,0,0.806380459538739,0.0340415889579054,0
2,29,7,-0.0105154263174699,0.0823224156882282,0.133636519236858,0,0,0,0.689240989048851,0.288447010745731
2,30,1,-0.00168725516294135,0.572644986871709,0.341281900090808,0.0771539003826569,0,0,0,0
2,30,2,-9.33371743892797e-05,1.06976247100934,0.00747754640176408,0,0,0,0,0
2,30,3,-0.0208795490360182,0,1.05975653047559,0.0329194667452183,0,0,0,-0.0937025519392803
2,30,4,-0.0500575696473833,0.109948899386499,0,0.873035182854485,-0.0887359948070418,0.0336966850078271,0.0565877395061008,0
2,30,5,-0.0629232331573214,0,0,0,0.838979757073423,0.025683390564803,0,0
2,30,6,-0.0668540905032419,0.103534061106436,0.0522733593456538,0,0,0.808276608442196,0.0380800827327616,0
2,30,7,-0.00974931592865577,0,0.0960675146177968,0,0,0,0.750615806520789,0.323238169510297
2,31,1,-0.0033660722661481,0.551573307139615,0.361758455154147,0.0845876998165225,0,0,0,0
2,31,2,-0.000257271652191443,1.06311611512999,0.0143478403983976,0,0,0,0,0
2,31,3,-0.0218937977443228,0,1.06341397506673,0.0378597854329977,0,0,0,-0.0986854396801898
2,31,4,-0.0472463605742732,0.108280272374963,0,0.872339453397783,-0.0956214427461912,0.0352150377296264,0.0627371822586779,0
2,31,5,-0.0674157424706849,0,0,0,0.84317835420977,0.0274734260276859,0,0
2,31,6,-0.0693142364259399,0.106850887732879,0.056268147465732,0,0,0.806977526108639,0.0349529618304392,0
2,31,7,-0.0103130271183068,0.0812385968640803,0.119469194540362,0,0,0,0.680270648797447,0.311025992231848
2,32,1,0.00155400111179144,0.512407570067085,0.346432984521967,0.12261787618337,-0.0567351530414099,0.0218332650136704,0,0.03518934677234
2,32,2,-0.00074888216128309,1.04019077361983,0.0376496892951299,0,0,0,0,0
2,32,3,-0.0225140146596416,0,1.0640880670294,0.0366282339833016,0,0,0,-0.0973158438898172
2,32,4,-0.0492403300808657,0.10822492617751,0,0.875478682470195,-0.0928352354106419,0.0297414624653419,0.0634632730620415,0
2,32,5,-0.0644521633414597,0,0,0,0.840248485007506,0.0239444230037496,0,0
2,32,6,-0.0748671179843289,0.109694544906657,0.0607932266793013,0,0,0.802859994247013,0.0361588862132452,0
2,32,7,-0.0108715109677645,0.0980307136260668,0.142607463707222,0,0,0,0.675328141495101,0.29529045432542
2,33,1,-0.00329569386637701,0.544434882113747,0.323445244390504,0.0839873682524458,0,0,0,0.011419842079896
2,33,2,0.000456883165754783,1.08378471480828,0.00788736881086887,0,0,0,0,0
2,33,3,-0.0225685612218473,0,1.05954453540895,0.0366388673959777,0.00027493394980172,0,0,-0.0942381920019345
2,33,4,-0.0472443112896927,0.109834977549078,0,0.874350113373745,-0.0926676448542179,0.0339094333113944,0.0582250924273934,0
2,33,5,-0.0666322770438442,0,0,0,0.842486330811387,0.0264884505975673,0,0
2,33,6,-0.0749325562979579,0.113409992264798,0.0619248368093485,0,0,0.806843433750605,0.0286294028719499,0
2,33,7,-0.0160362817060696,0.129811405237228,0.110241817962328,0.020453522674409,0,0,0.602915146534604,0.336716770125657
2,34,1,-0.00295377548944808,0.593826888555643,0.319309778316621,0.076914665740709,0,0,0,0
2,34,2,-0.000284284122886197,1.06149967785309,0.0156713532009984,0,0,0,0,0
2,34,3,-0.0203576905953638,0,1.0587869625833,0.0345603321020977,0,0,0,-0.0948578526458184
2,34,4,-0.0462095507483598,0.107612406018571,0,0.873984668591792,-0.0905822676344156,0.0318345455539306,0.0574457748146084,0
2,34,5,-0.0608356597564271,0,0,0,0.840934905673941,0.0247219769288328,0,0
2,34,6,-0.0709551813862083,0.10892977742438,0.0589608631421484,0,0,0.806648325697959,0.0332473686836615,0
2,34,7,-0.0138640356168098,0.10309215147314,0.165056757992496,0.00509683216136869,0,0,0.681649206355367,0.261353873581576
2,35,1,0.00232190264808685,0.493359220403518,0.355824853228166,0.0963716340120797,0,0,0,0.0438019895225872
2,35,2,-0.000218098925195032,1.05965727830249,0.0186928010996239,0,0,0,0,0
2,35,3,-0.0203091417440764,0,1.05662215105446,0.0338721786773213,0,0,0,-0.0953106797702784
2,35,4,-0.0410899600090386,0.105632914310285,0,0.867800803027341,-0.0962089083593423,0.0357178140770612,0.0644759230309674,0
2,35,5,-0.0564690098872137,0,0,0,0.839064158812028,0.0237873654106915,0,0
2,35,6,-0.0671157104837201,0.105445053336839,0.0542955405050999,0,0,0.807443781094176,0.0359118924423934,0
2,35,7,-0.0128589426115104,0,0.0801729698979342,0,0,0,0.737448397034596,0.343236478749727
2,36,1,-0.00217416652276428,0.543293738884948,0.33736113535347,0.0992906552883419,0,0,0,0
2,36,2,-0.000529839867143583,1.03216232095338,0.0425895815703218,0,0,0,0,0
2,36,3,-0.0202451491679548,0,1.05535204710605,0.0335613356795317,0,0,0,-0.0944618307120294
2,36,4,-0.0386335256354765,0.106208831070538,0,0.865490826669758,-0.101728767075177,0.03611860763599,0.0659894782677706,0
2,36,5,-0.0525566614067999,0,0,0,0.838837285539655,0.0212123817521298,0,0
2,36,6,-0.0642499915825721,0.0953395107181433,0.0430431393232497,0,0,0.806583337756787,0.0444109649933593,0
2,36,7,-0.0115632407569795,0.072004713279802,0.111128906899026,0,0,0,0.673885824613134,0.317805653680735
2,37,1,-0.00522623847184314,0.535073308859368,0.343932165097777,0.0849578191430325,0,0,0,0
2,37,2,-0.000531949038440019,1.01560663911447,0.0587216960025363,0,0,0,0,0
2,37,3,-0.019705759365811,0,1.05390262433336,0.0353641735857427,0,0,0,-0.0973546029919697
2,37,4,-0.0406043478321434,0.107587758733141,0,0.870505942162952,-0.0991413972055491,0.0307611477484787,0.0637699079471102,0
2,37,5,-0.0533656991289784,0,0,0,0.836233084466914,0.0185072390260593,0,0
2,37,6,-0.0709873113361127,0.107453977495861,0.0572078203880919,0,0,0.807573981693895,0.0348570268005716,0
2,37,7,-0.0123220151436547,0.0907974198886313,0.133074358847763,0,0,0,0.68241755178316,0.283190040989322
2,38,1,-0.0091167706182497,0.544766894080987,0.307548628440028,0.0832551127853981,0,0,0,0
2,38,2,-0.00128426589565321,1.0127327150332,0.0512657619233923,0,0,0,0,0
2,38,3,-0.0207397847485642,0,1.05735258408468,0.0376640040830237,0,0,0,-0.10119994127237
2,38,4,-0.0419320545342293,0.107972144329221,0,0.871006737575671,-0.095967046246365,0.0320825429411975,0.0607752684671937,0
2,38,5,-0.0562594023087714,0,0,0,0.838629534834738,0.0209640009816065,0,0
2,38,6,-0.0727336776946849,0.106952186786457,0.0567865985903192,0,0,0.809475317412325,0.0367632933101913,0
2,38,7,-0.013248686221841,0.0814536050453304,0.130177780670383,0,0,0,0.693454000006316,0.281645913982631
2,39,1,-0.00711865069159912,0.560520442539266,0.271204780874477,0.0896122823322226,0,0,0,0.0348196043356188
2,39,2,-0.00154813513914266,1.02103582565169,0.0396613246517565,0,0,0,0,0
2,39,3,-0.0211386684522217,0,1.05738611836973,0.0387041912206476,0,0,0,-0.10094579033182
2,39,4,-0.0445969140548474,0.107140233011944,0,0.871490595525551,-0.0946681500787927,0.0348623932492173,0.062117810491291,0
2,39,5,-0.0569145521251771,0,0,0,0.839128288824095,0.0221858520138044,0,0
2,39,6,-0.0747638917021879,0.107013842546589,0.056768616520646,0,0,0.810248590896783,0.0389046945901319,0
2,39,7,-0.0139993888465832,0.0839278113402743,0.128164232310262,0,0,0,0.683236685336341,0.280731612540141
2,40,1,-0.00900098081297683,0.509014651089825,0.327782599943922,0.0925346208417231,0,0,0,0
2,40,2,-0.001211164120815,0.993776562038928,0.0736163022342568,0,0,0,0,0
2,40,3,-0.0208938105461809,0,1.0582698138461,0.0393018854717635,0,0,0,-0.101971167567535
2,40,4,-0.0473982743924921,0.106292462967784,0,0.871937730306092,-0.0929098581911779,0.03755561632127,0.0626878555610823,0
2,40,5,-0.0621667591929921,0,0,0,0.838538230915731,0.0283760408030041,0,0
2,40,6,-0.0752041608816814,0.106627727025473,0.0574598164924321,0,0,0.811328420538955,0.0376536836145726,0
2,40,7,-0.0137969712062446,0.0806645996789964,0.127462796355825,0,0,0,0.680793708868703,0.293430298717699
2,41,1,-0.00888535743036185,0.516659302255971,0.320689176836544,0.0830353881141535,0,0,0,0
2,41,2,-0.00172837051458619,1.0026128320547,0.0581725642502139,0,0,0,0,0
2,41,3,-0.0248344301149246,0,1.05809515869316,0.0401480724795396,0,0,0,-0.0910655368919639
2,41,4,-0.0473624880801423,0.107166950404705,0,0.872425496473212,-0.0939663843575741,0.0357489584901927,0.0634729797071658,0
2,41,5,-0.0669291459455471,0,0,0,0.840620236451519,0.0305949169127138,0,0
2,41,6,-0.0787611808329995,0.108626454189777,0.0573462836652546,0,0,0.810385186965611,0.0404628460115181,0
2,41,7,-0.013078399351015,0.0922522300448032,0.123461845005934,0,0,0,0.688800002534666,0.288437484419452
3,1,1,-0.0878875322473086,-0.146225677982616,0.162692420836323,0.249366578302653,0,0,0,0
3,1,2,-0.00110440637416313,0.991497477654253,-0.0233441168438282,0,0,0,0.0734290893644455,0
3,1,3,-0.0379358254532704,0,0.92824249925396,0.0105728590854424,-0.0710147735009463,0,0.0930594550040031,0
3,1,4,0.00485180528897359,-0.12172119995879,0.05872335665386,0.97094219196159,-0.0706510282639476,0.0870851574593412,0,0
3,1,5,0.00495703142792897,-0.239782876183203,0,0,0.598406192624024,0.240641111871409,0,0
3,1,6,0.000758633449328916,0.0437471383078992,0.160537373835249,0.181308851845326,0,0.923322584541529,-0.153661567733519,0
3,1,7,-0.0110693517644945,0,0,0,0.0525076230370861,0,0.718894093779143,0.249553782246479
3,2,1,-0.00757761387132762,0.0309934762503865,0.331213419277326,0.353788734058219,0,0,0,0
3,2,2,-0.000304016741737616,0.973799230173066,-0.0787468276986208,0,0,0,0,0
3,2,3,-0.0392630617213448,0,0.919979214391254,0.000729989164499253,0,0,0.0646565609630271,0
3,2,4,-0.0115160705047941,-0.132335699190182,0,0.843265569694594,0.0828432363946143,0,0,0
3,2,5,-0.00153777119599299,0.126705661251016,0,0,0.750301936159956,-0.0783085628210906,0.203645776576,0
3,2,6,-0.00277696672811181,0,0.131293601014397,0.173517406314298,0,0.935634887099942,-0.116018644290604,0
3,2,7,0.000575576333079579,0,0,0,0,0,0.740167118926865,0.306558112950913
3,3,1,-0.0792904600832799,0.012344284793204,0.162055035759117,0.241875599672619,-0.0749557246656881,0,0,0
3,3,2,-0.00125630670215687,0.940667737046254,0.0140557457461702,0,0,0,0.0520813043398091,0
3,3,3,-0.0359696372211793,0,0.94325266193515,0.0136578294487623,0,0,0.069370105918735,0
3,3,4,-0.0107977441192476,0,0,0.784898901678254,0.0762175332109164,0,0,0
3,3,5,-0.00198910138572834,0,0,0.176818934782794,0.958103312182297,-0.0690352914149332,0,0
3,3,6,-0.00331077109548947,0.0338087834657089,0.144944138506622,0.162716827980283,0,0.909152610865707,-0.1168950393514,0
3,3,7,-0.00557915650481437,0,0,0,0.0284940200932451,0,0.714766043946947,0.280501637554381
3,4,1,-0.0380129100232561,-0.0469655159530769,0.22172554203857,0.295253430274031,0,0,0,0
3,4,2,-0.00175300245228407,1.02153307798854,-0.0208541636204474,0,0,0,0,0
3,4,3,-0.0361751758317248,0,0.934009028119296,0.0221077069175597,0,0,0.0510296199741946,0
3,4,4,-0.00919386727233602,0,0,0.832285918884698,0.073612532161782,0,0,0.047794391192761
3,4,5,-0.00296076548440405,0,0,0.252272268453784,1.17912521942531,-0.209279001418149,0,0
3,4,6,-0.00320235596456676,0,0.0518842804901388,0.168794366188266,0,0.941570074739885,-0.0323390731889459,0
3,4,7,0.00224892061242517,0,0,0,0.0519677452745367,0,0.701761693137795,0.30476709301985
3,5,1,-0.038219633478238,-0.042672059390104,0.226969962959397,0.249390692750614,0,0,0,0
3,5,2,-0.000969763350108118,0.931158324066063,-0.022999263287105,0,0,0,0,0
3,5,3,-0.0403143641815888,0,0.929649358226724,0.0256648225707864,0,0,0.018763428785802,0
3,5,4,-0.0050927997327536,-0.0906947810321233,0,0.970616015066429,-0.0138723209542559,0,0,0
3,5,5,-0.0040452523402635,0,0,0,0.758748288326758,0.269673704268639,0,0
3,5,6,-0.00572506951050006,0,0.103059088727397,0.204293217335972,0,0.935603959906128,-0.127864544465832,0
3,5,7,-0.00800130493015587,0,0,0,0,0,0.67753092587354,0.321560909249194
3,6,1,-0.0515647595994011,-0.0527745842307797,0.231899106127379,0.27196046922648,0,0,0,0
3,6,2,-0.00206289110548956,0.968462806512405,0.00114622986974316,0,0,0,0,0
3,6,3,-0.0433709110408409,0,0.954304591055401,-0.00595083750496613,0,0,0.0217851414837085,0
3,6,4,0.00248638060263866,0,0,0.559925674146193,0.282413364082391,0,0.0316466121013039,0
3,6,5,-0.000151545264547279,0,0,0,0.76295557759549,-0.260514114120603,0,0
3,6,6,-0.00764551931058706,0.0538121819512044,0.0922485060965357,0.062673717843005,0.0229819285433455,0.900975246086522,-0.0625182787210534,0
3,6,7,-0.0113659568804669,0,0,0,0.045324075589833,0,0.731064563719597,0.236571389053212
3,7,1,-0.0309900848203753,-0.0363569950641909,0.223608412147303,0.274063685544046,0,0,0,0
3,7,2,-0.0016789483754056,1.02653632864318,-0.0250736950017175,0,0,0,0,0
3,7,3,-0.0388840632004969,0,0.932394292343519,0.0100106140838076,0,0,0.0609735338911319,0
3,7,4,-0.000771377986178281,-0.136459526240513,0,0.978454293908656,0.0334433767385944,0,0,0
3,7,5,0.00394497335287046,0,0,0,0.624231597771542,0.64827725856036,0,0.146303451538136
3,7,6,-0.00412009526239821,0,0.109782281854365,0.128248796002096,0,0.969546942863818,-0.100618107371953,0
3,7,7,-0.0163529305567957,0,0,0,0,0,0.674031752485706,0.290949897148295
3,8,1,-0.0333917111620599,-0.0560890347463577,0.223792999966633,0.269731293126856,0,0,0,0
3,8,2,-0.00266525014319057,0.935013746864181,0.000204792150467464,0,0,0,0,0
3,8,3,-0.0341831206892325,0,0.950738286456402,0.0244668469273075,0,0,0.0151517149084607,0
3,8,4,0.000335195408974601,0,0,0.988162193128109,0.0703733061165125,0,0,0
3,8,5,0.000280452420521141,0,0,0.082057415251103,0.910060386137717,-0.10151879554692,0,0
3,8,6,0.00109076428555143,0,0,0,0,0.950935435018557,0.0363078937060064,0
3,8,7,-0.0107885485892627,0,0,0,0,0,0.735186577958295,0.280779330947187
3,9,1,-0.0721531937788176,-0.0363733920543322,0.251420223381896,0.263779227279477,0,0,0,0
3,9,2,-0.00399096802230489,0.75442194257693,0.188135359852358,0,0,0,0,0
3,9,3,-0.033967185656224,0,0.96585001370719,0.0294478436796606,0,0,0,0
3,9,4,0.00325117520701667,0,0,0.769052106210755,0.149948673942393,0,0,0
3,9,5,-0.000464975525343487,0,0,0,0.809974655602458,0.155217306174379,0,0
3,9,6,-0.00373573922588589,0,0.0848295876868781,0.123389488864345,0,0.946594206762725,-0.0486366361500663,0
3,9,7,-0.00453387311439659,0,0,0,0,0,0.753459798386899,0.281562556071838
3,10,1,-0.0544986880376335,-0.0690950285448848,0.235563533820664,0.287553436772514,0,0,0,0
3,10,2,-0.00218106019507274,0.952339525674267,0.234792228720212,0,0,-0.0324006302574931,0.0756664718232255,0
3,10,3,-0.0383118054022524,0,0.944794717295508,0.0167095726602591,0,0,0.0415550778822683,0
3,10,4,-0.000473577254305767,0,0,0.997514198957933,-0.0126645711033823,0,0,0
3,10,5,0.00173828015911202,0,0,0,0.443179772080232,0.447176805561925,0,0
3,10,6,-0.000245549449366347,0,0,0,0,0.958292760756595,0.0231780651264375,0
3,10,7,-0.00514080774357003,0,0,0,0,0,0.730808937118953,0.304656522743494
3,11,1,-0.0861401643400274,-0.0625391136106932,0.173228953860468,0.322081781870687,0,0,0,0
3,11,2,-0.00334967285805417,0.915769870843944,-0.0452418931547855,0,0,0.080343519601098,0,0
3,11,3,-0.0288905377673818,0,0.958706642068842,0.0286486973663408,0,0,0.000174934938388443,0
3,11,4,0.00678094309924286,0,0,0.978238079400504,0.0196888709635072,0,0,0
3,11,5,-0.00025842413135875,0,0,0,0.919379300372991,0.009219926363359,0,0
3,11,6,0.00257307028660309,0,-0.0230250696844496,0,0,0.995451197066403,0.0380527303135799,0
3,11,7,-0.00281096488705956,0,0,0,0,0,0.766433067165962,0.304536258862582
3,12,1,-0.0599353189667456,-0.0845607214084044,0.222788617101069,0.257442385538235,0,0,0,0
3,12,2,-0.00239274177911924,1.03395834217817,0.0628207087503518,0,0.0908867551031961,0,0.0866428477032134,0
3,12,3,-0.0311351616534111,0,0.959488338649577,0.0116954723471346,0,0,0.0555715851911103,0
3,12,4,0.000910064870068744,0,0,0.717065304460254,0.153697544882259,0,0,0
3,12,5,-0.00221496590018679,0,0,0,0.62608663611218,0.0482280635490706,0,0
3,12,6,0.00477166263219939,0,0,0,0,1.0000442519996,0.047563244128213,0
3,12,7,-0.00313411063202053,0,0,0,0,0,0.775887036158333,0.294920951924547
3,13,1,-0.0330418196801232,-0.0347708673665578,0.234653091844889,0.248185571473395,0,0,0,0
3,13,2,-0.00159926185486969,0.969802536324597,0.0270278963045188,0,0,0,0,0
3,13,3,-0.029175549993005,0,0.978542278542302,0.0315115954072757,0,0,0,0
3,13,4,0.0033424815975751,-0.0691159548340486,0,0.988041528152482,0.0329620882696676,0,0,0
3,13,5,0.00157502857500665,0,0,0,0.269637787227288,0.0976633092432807,0.222119791755727,0
3,13,6,0.00967083551479958,0,-0.0591044094051341,0,0,1.01437261206771,0.0737361567890452,0
3,13,7,-0.00347696453954308,0,0,0,0,0,0.762583484578072,0.303615114537004
3,14,1,-0.0936235892390675,-0.0312634260635392,0.173768763635855,0.185385435778306,0,0,0.0675380417953416,0
3,14,2,-0.00250569532355191,0.963853110043051,0.0329731972433717,0,0,0,0,0
3,14,3,-0.0297592694297003,0,0.966389480148054,0.0449441205826896,0,0,0,0
3,14,4,0.0159993765685228,0,0,0.533936740958231,0.187143042066065,0,0.0423424844307223,0
3,14,5,0.00308513681270717,0,0,0,0.964608493492297,0.258917988417776,0,0
3,14,6,0.0076980080928117,0,0,0,0,1.07099209270507,-0.0119293024787646,0
3,14,7,-0.000273480363064044,0,0,0,0,0,0.756793238131317,0.314954343130381
3,15,1,-0.0150273446963326,0.0425742397883217,0.208562929553854,0.241996046463586,0,0,0,0
3,15,2,-0.0022448315128432,0.974356945373529,0.011824082594021,0,0,0,0,0.0593220978609078
3,15,3,-0.0410315623289438,0,0.94955421070929,0.0302544544541937,0,0,0,0
3,15,4,-0.00728020823249267,0,0,0.879782715849328,0.0290564687154697,0,0,0
3,15,5,0.000853041091613632,-0.185792457105505,0,0,0.555766622337699,0.193385683282003,0,0
3,15,6,0.00953898014681143,0,-0.0438690326823423,0,0,1.06206239354753,0.119302048612157,-0.0757148314021448
3,15,7,-0.00382305134222063,0,0,0,0,0,0.771523305090059,0.302567873729995
3,16,1,-0.0174391689533713,-0.0968999826665157,0.309242791553697,0.267536767180314,0,0,0,0
3,16,2,-0.00159619013267167,0.960231992095347,-0.0236495505954378,0,0,0.0864618785542772,0,0
3,16,3,-0.0406654147115451,0,0.93274590240622,0.0370796141785179,0,0,0,0
3,16,4,0.00969112115079533,0,0,1.00805995913271,0.0537257090728569,0,0,0
3,16,5,0.00414157666444393,-0.191423313939594,0,0,0.87101133476859,0.0386982991422544,0.35349507958632,0
3,16,6,0.0131853513761646,0,0,0,0,1.06735093081555,-0.0114739972584152,0
3,16,7,-0.00539924612465584,0,0,0,0,0,0.771120869707993,0.299725784370426
3,17,1,-0.0396727521068349,-0.0630624760680107,0.231735304821639,0.303800461298775,0,0,0,0
3,17,2,-0.00173765222411429,0.923326767057051,0.124078818672342,-0.0361761263652327,0,0,0.074987198584022,0
3,17,3,-0.0333533392293447,0,0.958994667921019,0.0439130220177905,0,0,0,0
3,17,4,0.00373066669184947,0,0,0.759431603757709,0.106439775103837,0,0.132240114726464,0
3,17,5,4.41996162231506e-05,0,0,0,0.873401380930097,-0.0274926831131234,0,0
3,17,6,0.0107678804283556,0,-0.055419797576197,0,0,1.00720600379296,0.0736272840803357,0
3,17,7,0.00141518533151455,0,0,0,0,0,0.767193803964386,0.298892016262061
3,18,1,-0.0342513209702393,-0.0449779744369032,0.241433602630605,0.270931668436254,0,0,0,0
3,18,2,-0.00212990883232483,0.89392794728034,0.111919566784556,0,0,0,0,0.0833832570576394
3,18,3,-0.0406520412215502,0,0.948768474716202,0.0264338604022324,0,0,0,0
3,18,4,-0.00444424907121656,-0.0615893072517101,0,0.947240106416367,-0.000793352060183488,0,0,0
3,18,5,0.00689550840238956,0,0,0,0.924876719011707,0.287916671759089,0,0
3,18,6,0.0093684411818484,0,-0.0727638469631401,-0.0286169115936127,0.112354561899496,0.937244882464589,0.0336499828353941,0
3,18,7,0.00248364210740884,0,0,0,0,0,0.762856451766134,0.306967795283822
3,19,1,-0.032312260782056,-0.069246315632178,0.239855425884305,0.286496293830813,0,0,0,0
3,19,2,-0.00296228733830575,0.987962583693294,0.0347185133062327,0.0315292879495961,0.00548800311918593,0.0230518885670994,0,0.0567465097077643
3,19,3,-0.0396331090232877,0,0.960343812201482,0.0402419522452564,0,0,0,0
3,19,4,0.0014221806684155,0,0.0936137003517898,0.955988093759832,-0.0132828566509806,0,0,0
3,19,5,-0.000399398884423995,0,0,0,0.867987664534905,0.009108699556129,0,0
3,19,6,0.00563436730366328,0,-0.0470561196709011,0,0,1.06749748298466,-0.0450834285574426,0
3,19,7,-0.00189617917537158,0,0,0,0,0,0.75738666096095,0.319022977316761
3,20,1,-0.0195244828272913,-0.0705277748834835,0.198612120120566,0.292533449516398,0,0,0,0
3,20,2,-0.00216483556275893,0.818551444287303,0.139535778477476,0,0,0.119979702919157,0,0.0785051343542727
3,20,3,-0.0319286682681765,0,0.978695992700639,0.0327459902573015,0,0,0,0
3,20,4,0.00769222666569379,0,0,0.921527339700679,0.0607656543212565,0,0,0
3,20,5,-0.00301429162267425,0,0,0.0722439525625756,0.938821712897864,-0.156622625457843,0,0
3,20,6,0.00502470323631662,0,-0.0462926862554506,0,0,0.978068264037559,0.0500778514338808,0
3,20,7,-0.00199081296595843,0,0,0,0,0,0.770946715382381,0.31023985152665
3,21,1,-0.0543724236348055,-0.0379245634049186,0.232230462495933,0.279912775570737,0,0,0,0
3,21,2,-0.0025421231696277,0.936767373308115,0.111397674001897,0.018530069262968,0,0,0,0.101817085069613
3,21,3,-0.0373814387540135,0,0.957156892548807,0.0290060874837334,0,0,0,0
3,21,4,0.00648581555611993,-0.0661962553522086,0,0.980310644150174,0.0755529036519062,0,0,0
3,21,5,-0.00196963622485426,0,0,0,0.154857264499732,0.0663458796541744,0,0
3,21,6,0.0028684140799002,0,-0.0722402831395027,0,0.0733494742763683,1.01513930829022,-0.0486351214989857,0
3,21,7,-0.00507822812142236,0,0,0,0,0,0.752404972745144,0.317443791553963
3,22,1,-0.0399195190963109,-0.0497818991285217,0.225925588287825,0.277194118037627,0,0,0,0
3,22,2,-0.00275935304093664,0.835473533696159,0.156298222308029,0,0,0.0925634733376281,0,0.050860078618551
3,22,3,-0.032620977002832,0,0.975297587935819,0.0261050065987787,0,0,0,0
3,22,4,0.00412378991570386,0,0,0.952688925617825,-0.00977933884865315,0,0,0
3,22,5,0.00132634905383921,0,0,0,0.861745116166125,0.119614599183274,0,0
3,22,6,0.00608906145111306,0,-0.0900166026957049,0,0.0623131798719402,1.10537892198039,-0.0282610804227603,-0.0710227833084628
3,22,7,-0.00572145867243712,0,0,0,0,0,0.764290879918133,0.315261453208606
3,23,1,-0.072055380839838,-0.0330298313748736,0.236870289626294,0.301633286184059,0,0,0,0
3,23,2,-0.00172791096674917,0.915682266369285,0.0549227432789228,0.0883759442340921,0.0255518552432064,0.0517944414026718,0,0.0473772074486157
3,23,3,-0.0295295626473632,0,0.976442515439484,0.0219707879403799,0,0,0,0
3,23,4,0.00586359151087666,0,0,0.974831307034177,-0.0161355080887392,0,0,0
3,23,5,0.00019687511306269,0,0,0,0.82911682880008,-0.12190727439216,0.140256759545428,0
3,23,6,0.00416238668302422,0,0,0,0,0.918104047885229,0.0778810899544259,0
3,23,7,-0.00564675435272695,0,0,0,0,0,0.758137593356646,0.31514349449232
3,24,1,-0.0351167243362018,-0.0402771124722277,0.226959838265976,0.2662142590261,0,0,0,0
3,24,2,-0.00215503557220651,0.920782571071745,0.205345618680328,0,0,0,0.0605151359700102,0.0155331497027133
3,24,3,-0.0304167110486035,0,0.984058121128258,0.027768637232556,0,0,0,0
3,24,4,0.00529845013044474,0,0,0.944315903943465,-0.00389223716478754,0,0,0
3,24,5,0.00028819105989884,0,0,0,0.913522745353737,-0.0245741396423641,0,0
3,24,6,0.00117938782982216,0,0,0,0,0.972254816919997,-0.00277375779886071,0
3,24,7,-0.00547492716710687,0,0,0,0,0,0.758034035525243,0.31308743587561
3,25,1,-0.0379959674412079,-0.0499098636189462,0.218667803388309,0.253412431386367,0,0,0,0
3,25,2,-0.00310195987893233,0.904615433707441,0.0302640402150348,0,0,0.10857114681431,0,0.0529907812659769
3,25,3,-0.0327004745135793,0,0.97416088856952,0.0332151483866919,0,0,0,0
3,25,4,0.0062218466004068,0,0.0732298864103708,0.975544368557586,-0.0203799286998828,0,0,0
3,25,5,5.8458223064179e-05,0,0,0,0.80823115574202,-0.0565202690770997,0.155756089021115,0
3,25,6,0.0050244849200862,0,-0.076340937560698,0,0.0474633293036922,1.01878957189334,0.0168403863096674,0
3,25,7,-0.00432653154181731,0,0,0,0,0,0.760225280080069,0.320910558557949
3,26,1,-0.0444960276616929,-0.0460986871350105,0.224342944500286,0.265530627258279,0,0,0,0
3,26,2,-0.00359501518263079,0.772009889907052,0.185759877451884,0,0,0,0.117275868586507,0
3,26,3,-0.0298280956835395,0,0.982105133624051,0.0303653632181716,0,0,0,0
3,26,4,0.00622429810912786,0,0,0.899818686655342,0.078564561370889,0,0,0
3,26,5,-0.000674540218891725,0,0,0,0.987600029153218,-0.111382712075924,0,0
3,26,6,0.00594302404258307,0,-0.0866127456328691,0,0.0595412121623366,1.01108516213001,-0.0105163577201259,0
3,26,7,-0.00491794402121576,0,0,0,0,0,0.765812038651248,0.321710503639027
3,27,1,-0.0724809600533247,-0.0428321917697112,0.238490326729817,0.291874277150096,0,0,0,0
3,27,2,-0.00418434990262945,0.782077236435807,0.148500238545085,0,0,0,0,0.0733201951518104
3,27,3,-0.0358951858704583,0,0.964774096651614,0.0278803032808173,0,0,0,0
3,27,4,0.00926716094980239,0,0,1.01203178697569,0.0227140374911722,0,0,0
3,27,5,-0.00079347167681583,0,0,0.318744327137844,0.717407194666329,-0.00948545369894575,0,0
3,27,6,0.00679817231201335,0,-0.0752302777166753,0,0.0521982437061201,1.0080510136932,-0.00232754422997348,0
3,27,7,-0.000657910154887198,0,0,0,0,0,0.764938757009054,0.309349439020704
3,28,1,-0.0387178606837975,-0.0444936647449104,0.227398785806107,0.269157896029642,0,0,0,0
3,28,2,-0.00183532330121211,0.845024991621835,0.143731280285437,0,0.0538102946843214,0.0486277681508076,0.0431088055490785,0.0375612850491003
3,28,3,-0.0336544826268593,0,0.98382011327291,0.0316772430521044,0,0,0,0
3,28,4,0.00663881171698803,0,0.0747837339915144,1.00066241758209,0.017225525468297,0,0,0
3,28,5,0.00272816578578598,0,0,0,0.956697276347652,0.068502620982794,0,0
3,28,6,0.00297033413536198,0,-0.0460770440331077,0,0.09973567783741,0.975798967743627,-0.0114584945620528,0
3,28,7,-0.00249082506034087,0,0,0,0,0,0.765798308986753,0.31109451542489
3,29,1,-0.0537108697711418,-0.0379472710140017,0.214269089993018,0.264103409966321,0,0,0,0
3,29,2,-0.00293435436327502,0.915768117172933,0.00182655509065078,0,0,0.172544712875237,0,0
3,29,3,-0.0357086330683902,0,0.975787410009494,0.0394434054696809,0,0,0,0
3,29,4,0.00914966965283838,0,0.0533319002235182,1.02840226529215,0.0260951460651365,0,0,0
3,29,5,0.00119823643867915,0,0,0,0.92853029770614,0.00479173005373706,0,0
3,29,6,0.00520216883510921,0,0,0,0,0.944843843980963,0.0761674637603878,0
3,29,7,-0.00361856707863872,0,0,0,0,0,0.775861069713927,0.290521935563579
3,30,1,-0.056497354608265,-0.0450053778829168,0.233308346221617,0.250287062847496,0,0,0,0
3,30,2,-0.00122460479135763,0.878906766207757,0.29287493507003,0,0,0,0,0
3,30,3,-0.0343696240081093,0,0.987908565660786,0.0283316168851515,0,0,0,0
3,30,4,0.0124889754703674,-0.101015270462703,0,0.92536355592095,0.0682318198914443,-0.152313917566701,0.350562705089816,-0.0365974329539325
3,30,5,0.000949415097062475,-0.0887748530642752,0,0,0.746023913652752,-0.0597330390216793,0.254105322541237,0
3,30,6,0.0028094421956915,0,0,0,0,1.01990166737423,-0.0268902080840005,0
3,30,7,-0.00551853244027323,0,0,0,0,0,0.763729557689128,0.308362163417778
3,31,1,-0.0744677956355032,-0.064634661294633,0.228602848325054,0.295495370681691,0,0,0,0
3,31,2,-0.00164371139955089,1.01671670671429,0.183152332174144,0,0.112464314798837,0,0,0
3,31,3,-0.0385908328843747,0,0.961254625778776,0.034782811836996,0,0,0,0
3,31,4,0.00152574518486147,0,0,0.966854160818369,0.0205902246329715,0,0,0
3,31,5,0.00447635440642934,0,0,0,1.03134856630816,0.600924865221012,0,0
3,31,6,0.00878349932161818,0,-0.0544640491208272,-0.0160223666667808,0.0452738087804457,1.04626307165974,0.00349962852255841,0
3,31,7,-0.00301690505191338,0,0,0,0,0,0.77177639576563,0.30840239991566
3,32,1,-0.0368532082234804,-0.0419015224188374,0.220155537270842,0.263663747849448,0,0,0,0
3,32,2,-0.00221893407734533,0.978117221236696,0.12762817343682,0,0,0,0.112171819665092,0.036844948380076
3,32,3,-0.0425518586770563,0,0.974673901007864,0.038091071743991,0,0,0,0
3,32,4,0.00320080262055377,0,0,0.966754763356906,0.0718801504992393,0,0,0
3,32,5,0.000599518184912157,0,0,0,0.949479185269166,0.0529286761250861,0,0
3,32,6,0.00116916683442554,0,0,0,0.00774879051726348,0.947833073878041,0.0655784657138044,0
3,32,7,-0.00474924617361169,0,0,0,0,0,0.772751890829528,0.29252710524571
3,33,1,-0.0139263257623962,-0.063214714796717,0.22479446742405,0.259020372743869,0,0,0,0
3,33,2,-0.00263672435777174,0.940863938555438,0.00587533936842184,0,0,0.096583786381713,0,0
3,33,3,-0.0487979144102879,0,0.947277666960474,0.0264679679215694,0,0,0,0
3,33,4,-0.00561867043843362,0,-0.0371254170269214,0.94967131498148,0.0622586917473224,0,0,0
3,33,5,-6.80523776567946e-05,0,-0.0711305796417693,0,0.69470023578465,0.186766570346568,0,0
3,33,6,0.000105202236716159,0,0,0,0,1.00040760044998,0.0103678040251751,0
3,33,7,-0.018945399944371,0,0,0,0.0417657395493571,0,0.716673030075814,0.278255602372158
3,34,1,-0.0401795731711725,-0.0567101105526093,0.214953307276383,0.277128103597646,0,0,0,0
3,34,2,-0.00232048256227736,0.927941938750775,0.14005884768435,0,0,0,0,0
3,34,3,-0.0419411793691939,0,0.977799062216896,0.0117011666113615,0,0,0,0
3,34,4,-0.00864103644965635,0,0,0.863950440787744,0.0520988415408756,0,0,0
3,34,5,-0.00136901271960105,-0.12934889905098,0,0,1.01439576819769,0.405285606319074,0,-0.168793294544225
3,34,6,0.00415397491461095,0,0,0,0,0.966148087269771,0.073227099398769,0
3,34,7,-0.0148086023635162,0,0.0335105617057237,0,0,0,0.759296494410352,0.240952732387754
3,35,1,-0.0217209699651107,-0.0433229502479601,0.191432929230477,0.259866980373685,0,0,0,0
3,35,2,-0.0013564463506774,0.940987758910739,0.126309587074991,0,0,-0.0972652762246327,0,0
3,35,3,-0.043006985063571,0,0.958925000882989,0.028468078865765,0,0,0,0
3,35,4,-0.00285944995568729,-0.117525140758703,0,0.970772927214414,0.0380412703459497,0,0,0
3,35,5,0.00089139008865932,0,0,0,0.926287848951645,-0.0631477495330936,0,0
3,35,6,0.00263479845732339,0,0,0,0,1.04658416510078,-0.00238416560157323,0
3,35,7,-0.00739913775351965,0,0.0436889656908781,0,0,0,0.755180275212576,0.260798415617418
3,36,1,-0.0346969653297802,-0.0662796004164459,0.219466726214891,0.277487396094181,0,0,0,0
3,36,2,-0.00239214859474064,0.928657784044205,0.0620880321272642,0.0857862585604631,0,0,0,0.0116703279398856
3,36,3,-0.0358078893348382,0,0.964252930491988,0.0292818096076545,0,0,0,0
3,36,4,0.0040772825413844,0,0,0.967769053796998,0.0475974723772016,0,0,0
3,36,5,0.000866043583661709,0,0,0,0.843796104402908,-0.190477200176496,0.272135640822885,0
3,36,6,0.000597935194181276,0,0.0703896852875492,0.106076295568807,-0.00332451277134257,0.956631864307305,-0.0260310659578996,0
3,36,7,0.00723127136459782,0,0,0,0,0,0.819306920645111,0.244886126534151
3,37,1,-0.0739009430730341,-0.0276699957490645,0.287180714073589,0.288193407029552,0,0,0,0
3,37,2,-0.0025462756384516,0.896192647124872,0.211756906982823,0.102044776714618,0,0,0,0
3,37,3,-0.0328744517971964,0,0.986819279245564,0.0285014786280342,0,0,0,0
3,37,4,0.00243782944259598,0,0,0.923714276716601,0.072591507858723,0,0,0
3,37,5,-0.000430513738228864,0,0,0,0.802055852250589,0.126472721619555,0,0
3,37,6,0.00211778612464768,0,0,0,0,0.990311696145189,0.0323469821612801,0
3,37,7,0.000302701843526154,0,0,0,0,0,0.729846546659411,0.299448383815105
3,38,1,-0.0434801035598902,-0.0497479396601236,0.241683176263028,0.281402299928058,0,0,0,0
3,38,2,-0.00182838454079453,0.91689735831556,0.232805026450818,0,0,0,0,0.062280444656885
3,38,3,-0.0417396435470206,0,0.982189085538032,0.0514081431772127,0,0,0,0
3,38,4,0.000756395486816289,0,0,0.995397448811052,0.0177020875831844,0,0,0
3,38,5,-0.000237146246415998,0,0,0,0.644071015823618,0.260233104927103,0,0
3,38,6,-0.00254341304016259,0,0,0,0,0.946707577315994,0.0206348923750785,0
3,38,7,-0.00921301776958454,0,0,0,0,0,0.750906012845388,0.301171482085752
3,39,1,-0.0426325146895117,-0.0545987443121928,0.246941722423869,0.293039899221272,0,0,0,0
3,39,2,-0.00267211644487466,0.834526500225749,0.0455601734845364,0.0585942183924867,0,0.178581022987629,0,0.00726782010543834
3,39,3,-0.0425215956244483,0,0.967253937225511,0.0468801647393706,0,0,0,0
3,39,4,0.00402834500599833,0,0,0.969765707137813,0.0841907455095954,0,0,0
3,39,5,-0.00144985136323346,0,0,0,0.909098368208345,-0.0269978516975263,0,0
3,39,6,0.000974132176277662,0,-0.0689822535409102,0,0.0592237377563705,0.9811111762971,0.0271167819887619,0
3,39,7,-0.0073415006809823,0,0,0,0,0,0.773245832988114,0.313228066421963
3,40,1,-0.0157970111474671,-0.0731037787518149,0.233982361633815,0.334282135932786,0,0,0,0
3,40,2,-0.0033943182795553,0.433955194401001,0.41304797975739,0,0,0,0,0
3,40,3,-0.0368724192354076,0,0.988863010185208,0.0184350076610161,0,0,0.00898328439714016,0
3,40,4,0.000449647789503366,0,0,0.840073517570466,0.0756501339648979,0,0.0240985730812248,0
3,40,5,-0.00268469270354645,0,0,0,0.687100216523021,0.098122011123134,0,0
3,40,6,0.0054159486751918,0,-0.0159025519029874,0,0,1.0081602267397,0.0589351059804077,0
3,40,7,-0.00584186044956733,0,0,0,0,0,0.77002679445782,0.320426416193269
3,41,1,-0.00885931309424963,-0.102944987556114,0.238584156224374,0.292168518753566,0,0,0,0
3,41,2,-0.00344935247738827,0.767902501581462,0.213749555915665,0,0,0,0,0
3,41,3,-0.0452133675073034,0,0.964342708993111,0.0404658573204933,0,0,0,0
3,41,4,0.000289320776269919,0,0,1.02615578109753,-0.0157665509576554,0,0,0
3,41,5,0.00498967429261147,-0.197183704324257,-0.219354939295054,0.339541073292438,0.945200826421564,0.598779793630661,0,0
3,41,6,0.000317083910673296,0.0535186498168295,-0.0614770277983608,0,0,0.973131294023786,0.0656978172095718,0
3,41,7,-0.00727837297074668,0,0,0,0,0,0.770230068544623,0.314760792732342
